tau,rho,n_kalibrasi,skor_mentah,rec_t1,rec_t2,rec_t3,skor_makro3,skor_makro4,rec_u_round,lobus_u_round,rec_u_indented,lobus_u_indented,rec_s_bilobed,lobus_s_bilobed,rec_s_multilobed,lobus_s_multilobed,rec_harus_pecah,rec_harus_utuh,skor_br,limf_tak_pecah,limf_lobus
0.0,0.0,5736,0.30509065550906556,0.31859883236030023,0.060144346431435444,0.990521327014218,0.45642150193531794,0.4352738870398757,0.5781544256120528,2.074387947269303,0.1122754491017964,7.122754491017964,0.060144346431435444,7.240176423416199,0.990521327014218,8.10781990521327,0.9928100659077291,0.5781544256120528,0.7854822457598909,0.557660626029654,2.025535420098847
0.0,0.1,5736,0.3078800557880056,0.31901584653878234,0.066158781074579,0.990521327014218,0.4585653182091931,0.43696462144916454,0.5781544256120528,2.074387947269303,0.11302395209580839,7.11751497005988,0.066158781074579,7.1367281475541295,0.990521327014218,7.949052132701421,0.9928100659077291,0.5781544256120528,0.7854822457598909,0.5584843492586491,2.0247116968698515
0.0,0.2,5736,0.31049511854951184,0.31901584653878234,0.07257417802726544,0.9893364928909952,0.4603088391523477,0.4382722621565305,0.5781544256120528,2.071563088512241,0.11302395209580839,7.104041916167665,0.07257417802726544,6.9763432237369685,0.9893364928909952,7.760663507109005,0.9928100659077291,0.5781544256120528,0.7854822457598909,0.5584843492586491,2.0230642504118617
0.0,0.3,5736,0.3132845188284519,0.3194328607172644,0.07898957497995189,0.9881516587677726,0.46219136482166295,0.43976702861239936,0.5781544256120528,2.065913370998117,0.11377245508982035,7.07185628742515,0.07898957497995189,6.853247794707298,0.9881516587677726,7.639810426540285,0.9928100659077291,0.5781544256120528,0.7854822457598909,0.5584843492586491,2.0172981878088962
0.0,0.4,5736,0.3171199442119944,0.32068390325271057,0.08821170809943865,0.9834123222748815,0.46410264454234357,0.4414491050145573,0.5781544256120528,2.0649717514124295,0.11601796407185629,7.008982035928144,0.08821170809943865,6.661186848436247,0.9834123222748815,7.395734597156398,0.9928100659077291,0.5781544256120528,0.7854822457598909,0.5584843492586491,2.015650741350906
0.0,0.5,5736,0.32200139470013944,0.323185988323603,0.10144346431435446,0.9703791469194313,0.46500286651912964,0.4426215047204417,0.5781544256120528,2.062146892655367,0.12050898203592815,6.834580838323354,0.10144346431435446,6.4683239775461105,0.9703791469194313,7.056872037914692,0.9916117435590174,0.5781544256120528,0.784883084585535,0.5584843492586491,2.0074135090609557
0.0,0.6,5736,0.3261854951185495,0.3302752293577982,0.11668003207698477,0.933649289099526,0.4602015168447697,0.4404293199306738,0.5781544256120528,2.0602636534839927,0.13323353293413173,6.514221556886228,0.11668003207698477,6.1214915797915,0.933649289099526,6.511848341232228,0.988016776512882,0.5781544256120528,0.7830856010624674,0.5601317957166392,2.0016474464579903
0.0,0.7,5736,0.33281032078103207,0.3457047539616347,0.14394546912590217,0.8542654028436019,0.4479718753103796,0.43437163947145174,0.5790960451977402,2.059322033898305,0.1601796407185629,5.862275449101796,0.14394546912590217,5.543303929430634,0.8542654028436019,5.558056872037914,0.9748352306770521,0.5790960451977402,0.7769656379373961,0.5609555189456342,1.9950576606260297
0.1,0.0,5736,0.3312412831241283,0.3615512927439533,0.08019246190858059,0.9869668246445498,0.4762368597656946,0.4618093870272786,0.6393596986817326,1.8634651600753296,0.1407185628742515,5.969311377245509,0.08019246190858059,6.292702485966319,0.9869668246445498,7.145734597156398,0.9907130017974836,0.6393596986817326,0.8150363502396081,0.6210873146622735,1.8245469522240527
0.1,0.1,5736,0.3345536959553696,0.36196830692243537,0.08740978348035285,0.9869668246445498,0.47878163834911264,0.46380084316872466,0.6393596986817326,1.8634651600753296,0.14146706586826346,5.9640718562874255,0.08740978348035285,6.1892542101042505,0.9869668246445498,6.98696682464455,0.9907130017974836,0.6393596986817326,0.8150363502396081,0.6219110378912686,1.8237232289950576
0.1,0.2,5736,0.33751743375174337,0.36196830692243537,0.0946271050521251,0.985781990521327,0.4807924674986291,0.46530896503086205,0.6393596986817326,1.8615819209039548,0.14146706586826346,5.952095808383233,0.0946271050521251,6.035685645549318,0.985781990521327,6.803317535545023,0.9907130017974836,0.6393596986817326,0.8150363502396081,0.6219110378912686,1.8228995057660626
0.1,0.3,5736,0.3415271966527197,0.3632193494578816,0.10344827586206896,0.9834123222748815,0.48335998253161067,0.4674832179172456,0.6393596986817326,1.856873822975518,0.1437125748502994,5.925149700598802,0.10344827586206896,5.942261427425822,0.9834123222748815,6.716824644549763,0.9907130017974836,0.6393596986817326,0.8150363502396081,0.6219110378912686,1.8187808896210873
0.1,0.4,5736,0.3458856345885635,0.36447039199332776,0.11347233360064155,0.9798578199052133,0.48593351516639416,0.4696619840049807,0.6393596986817326,1.8559322033898304,0.14595808383233533,5.868263473053892,0.11347233360064155,5.793103448275862,0.9798578199052133,6.527251184834123,0.9907130017974836,0.6393596986817326,0.8150363502396081,0.6219110378912686,1.8171334431630972
0.1,0.5,5736,0.35094142259414224,0.36822351959966637,0.12910986367281477,0.957345971563981,0.4848931182788207,0.46967581532216174,0.64030131826742,1.8531073446327684,0.15194610778443113,5.713323353293413,0.12910986367281477,5.621090617481957,0.957345971563981,6.232227488151659,0.9895146794487717,0.64030131826742,0.8149079988580958,0.6227347611202636,1.8097199341021417
0.1,0.6,5736,0.3568688981868898,0.3761467889908257,0.1475541299117883,0.9206161137440758,0.48143901088222996,0.4686598066484857,0.64030131826742,1.8521657250470809,0.1661676646706587,5.462574850299402,0.1475541299117883,5.318364073777065,0.9206161137440758,5.739336492890995,0.9856201318154584,0.64030131826742,0.8129607250414392,0.6243822075782537,1.8056013179571664
0.1,0.7,5736,0.3652370990237099,0.39115929941618016,0.18283881315156375,0.830568720379147,0.46818894431563035,0.461753935211224,0.6412429378531074,1.8512241054613936,0.19236526946107785,4.961826347305389,0.18283881315156375,4.826383319967923,0.830568720379147,4.915876777251185,0.9712402636309168,0.6412429378531074,0.8062416007420121,0.6252059308072487,1.799011532125206
0.25,0.0,5736,0.4504881450488145,0.5145954962468724,0.22253408179631115,0.9419431279620853,0.5596909020017563,0.5645181262608832,0.8286252354048964,1.2881355932203389,0.26497005988023953,3.252245508982036,0.22253408179631115,4.028869286287089,0.9419431279620853,4.867298578199052,0.9811264230077891,0.8286252354048964,0.9048758292063428,0.814662273476112,1.2833607907742999
0.25,0.1,5736,0.4555439330543933,0.5150125104253545,0.23376102646351243,0.9419431279620853,0.5635722216169841,0.5675119881761864,0.8286252354048964,1.2881355932203389,0.2657185628742515,3.247754491017964,0.23376102646351243,3.967923015236568,0.9419431279620853,4.748815165876778,0.9811264230077891,0.8286252354048964,0.9048758292063428,0.8154859967051071,1.2825370675453047
0.25,0.2,5736,0.46112273361227335,0.5150125104253545,0.24699278267842822,0.9407582938388626,0.5675878623142151,0.5705237186991097,0.8286252354048964,1.2871939736346516,0.2657185628742515,3.2380239520958085,0.24699278267842822,3.8728949478749,0.9407582938388626,4.648104265402844,0.9808268424206111,0.8286252354048964,0.9047260389127538,0.8154859967051071,1.2825370675453047
0.25,0.3,5736,0.4675732217573222,0.5162635529608006,0.26182838813151565,0.9372037914691943,0.5717652441871702,0.5739053717154735,0.8286252354048964,1.283427495291902,0.2679640718562874,3.219311377245509,0.26182838813151565,3.805533279871692,0.9372037914691943,4.590047393364929,0.9805272618334332,0.8286252354048964,0.9045762486191649,0.8154859967051071,1.2792421746293245
0.25,0.4,5736,0.47419804741980476,0.517931609674729,0.27987169206094625,0.9241706161137441,0.5739913059498064,0.5759064068529806,0.8286252354048964,1.2824858757062148,0.27095808383233533,3.193862275449102,0.27987169206094625,3.7093023255813953,0.9241706161137441,4.469194312796208,0.9805272618334332,0.8286252354048964,0.9045762486191649,0.8154859967051071,1.2784184514003294
0.25,0.5,5736,0.4778591352859135,0.5216847372810676,0.297514033680834,0.8862559241706162,0.5684848983775059,0.5725707301566163,0.8295668549905838,1.2796610169491525,0.27694610778443113,3.127994011976048,0.297514033680834,3.61467522052927,0.8862559241706162,4.2760663507109005,0.9784301977231875,0.8295668549905838,0.9039985263568857,0.8163097199341022,1.2734761120263591
0.25,0.6,5736,0.4858786610878661,0.5321100917431193,0.32558139534883723,0.8281990521327014,0.561963513074886,0.5697514962767133,0.8295668549905838,1.2796610169491525,0.29565868263473055,3.000748502994012,0.32558139534883723,3.4603047313552526,0.8281990521327014,3.9668246445497632,0.9712402636309168,0.8295668549905838,0.9004035593107502,0.8171334431630972,1.271828665568369
0.25,0.7,5736,0.4930264993026499,0.5479566305254379,0.37249398556535684,0.693127962085308,0.5378595260587009,0.5548226497621086,0.8295668549905838,1.2796610169491525,0.3241017964071856,2.7904191616766467,0.37249398556535684,3.2052927024859663,0.693127962085308,3.4526066350710902,0.9523666866387058,0.8295668549905838,0.8909667708146448,0.8179571663920923,1.2693574958813838
0.5,0.0,5736,0.6258716875871687,0.6818181818181818,0.4839615076182839,0.8862559241706162,0.6840118712023605,0.698329037401875,0.9717514124293786,1.036723163841808,0.4513473053892216,1.841317365269461,0.4839615076182839,2.6672012830793905,0.8862559241706162,3.5308056872037916,0.9688436189334931,0.9717514124293786,0.9702975156814359,0.9703459637561779,1.0370675453047775
0.5,0.1,5736,0.6345885634588564,0.682652210175146,0.5032076984763433,0.8862559241706162,0.6907052776073686,0.7035148366133959,0.9717514124293786,1.036723163841808,0.4528443113772455,1.8383233532934131,0.5032076984763433,2.623496391339214,0.8862559241706162,3.4585308056872037,0.9688436189334931,0.9717514124293786,0.9702975156814359,0.971169686985173,1.0362438220757826
0.5,0.2,5736,0.6464435146443515,0.6839032527105922,0.5296712109061749,0.8850710900473934,0.6995485178880535,0.710444162583476,0.972693032015066,1.0357815442561205,0.45434131736526945,1.8330838323353293,0.5296712109061749,2.554931836407378,0.8850710900473934,3.3803317535545023,0.9685440383463152,0.972693032015066,0.9706185351806906,0.971169686985173,1.0362438220757826
0.5,0.3,5736,0.6535913528591353,0.6851542952460383,0.5449077786688051,0.8850710900473934,0.7050443879874123,0.7148146817696425,0.972693032015066,1.0348399246704332,0.4565868263473054,1.8270958083832336,0.5449077786688051,2.52485966319166,0.8850710900473934,3.3566350710900474,0.9679448771719592,0.972693032015066,0.9703189545935126,0.971169686985173,1.0354200988467874
0.5,0.4,5736,0.6626569037656904,0.6876563803169308,0.5677626303127506,0.8720379146919431,0.7091523084405416,0.7183928553327843,0.972693032015066,1.0338983050847457,0.46107784431137727,1.8158682634730539,0.5677626303127506,2.4807538091419405,0.8720379146919431,3.300947867298578,0.9667465548232475,0.972693032015066,0.9697197934191567,0.971169686985173,1.0345963756177925
0.5,0.5,5736,0.668584379358438,0.6918265221017514,0.5934242181234964,0.8246445497630331,0.7032984299960936,0.7148794476861919,0.9736346516007532,1.0310734463276836,0.46781437125748504,1.7956586826347305,0.5934242181234964,2.432638331996792,0.8246445497630331,3.1872037914691944,0.9628520071899341,0.9736346516007532,0.9682433293953436,0.9719934102141681,1.0304777594728172
0.5,0.6,5736,0.6717224546722455,0.7030859049207673,0.6206896551724138,0.7334123222748815,0.6857292941226875,0.7039401452859642,0.9736346516007532,1.0310734463276836,0.4880239520958084,1.7582335329341316,0.6206896551724138,2.3700882117080995,0.7334123222748815,3.0118483412322274,0.9559616536848412,0.9736346516007532,0.9647981526427972,0.9728171334431631,1.029654036243822
0.5,0.7,5736,0.6678870292887029,0.7180984153461217,0.6647955092221332,0.5343601895734598,0.6390847047139049,0.6719401025691465,0.9736346516007532,1.0310734463276836,0.5149700598802395,1.6833832335329342,0.6647955092221332,2.2586206896551726,0.5343601895734598,2.656398104265403,0.9322947872977831,0.9736346516007532,0.9529647194492682,0.9728171334431631,1.028830313014827
0.75,0.0,5736,0.6779986052998606,0.7272727272727273,0.5677626303127506,0.8637440758293838,0.7195931444716206,0.7345791332041173,0.9821092278719398,1.0235404896421845,0.5247005988023952,1.6654191616766467,0.5677626303127506,2.4570970328789095,0.8637440758293838,3.255924170616114,0.9616536848412223,0.9821092278719398,0.971881456356581,0.985172981878089,1.0222405271828665
0.75,0.1,5736,0.6809623430962343,0.7272727272727273,0.57457898957498,0.8637440758293838,0.7218652642256971,0.7362832230196746,0.9821092278719398,1.0235404896421845,0.5247005988023952,1.6646706586826348,0.57457898957498,2.4474739374498795,0.8637440758293838,3.2393364928909953,0.9616536848412223,0.9821092278719398,0.971881456356581,0.985172981878089,1.0222405271828665
0.75,0.2,5736,0.6898535564853556,0.7285237698081735,0.5938251804330393,0.8637440758293838,0.7286976753568655,0.7417044271276174,0.9830508474576272,1.0225988700564972,0.5261976047904192,1.6616766467065869,0.5938251804330393,2.4113873295910184,0.8637440758293838,3.2002369668246446,0.9610545236668664,0.9830508474576272,0.9720526855622468,0.985172981878089,1.0222405271828665
0.75,0.3,5736,0.6963040446304045,0.7289407839866555,0.6082598235765838,0.8637440758293838,0.733648227797541,0.7455002136620065,0.9830508474576272,1.0216572504708097,0.5269461077844312,1.658682634730539,0.6082598235765838,2.3869286287089015,0.8637440758293838,3.183649289099526,0.9607549430796885,0.9830508474576272,0.9719028952686578,0.985172981878089,1.0214168039538716
0.75,0.4,5736,0.706415620641562,0.7310258548790659,0.6339214113873296,0.8507109004739336,0.7385527222467764,0.7495929455183453,0.9830508474576272,1.0207156308851224,0.530688622754491,1.6504491017964071,0.6339214113873296,2.3492381716118684,0.8507109004739336,3.139810426540284,0.9598562013181546,0.9830508474576272,0.9714535243878909,0.985172981878089,1.0205930807248764
0.75,0.5,5736,0.7114714086471409,0.7343619683069225,0.6591820368885325,0.8009478672985783,0.7314972908313444,0.74501262873575,0.9839924670433146,1.0178907721280603,0.5359281437125748,1.6354790419161678,0.6591820368885325,2.3079390537289495,0.8009478672985783,3.0331753554502368,0.9559616536848412,0.9839924670433146,0.9699770603640778,0.985996705107084,1.016474464579901
0.75,0.6,5736,0.7114714086471409,0.744370308590492,0.6824378508420208,0.7037914691943128,0.7101998762089418,0.7310285006621275,0.9839924670433146,1.0178907721280603,0.5538922155688623,1.6077844311377245,0.6824378508420208,2.2574178027265437,0.7037914691943128,2.8661137440758293,0.9481725584182145,0.9839924670433146,0.9660825127307645,0.9868204283360791,1.0156507413509062
0.75,0.7,5736,0.7024058577405857,0.7581317764804003,0.7201283079390537,0.49170616113744076,0.6566554151856315,0.6936049376227666,0.9839924670433146,1.0178907721280603,0.5785928143712575,1.5479041916167664,0.7201283079390537,2.1627906976744184,0.49170616113744076,2.537914691943128,0.9248052726183343,0.9839924670433146,0.9543988698308244,0.9868204283360791,1.014827018121911
1.0,0.0,5736,0.7074616457461645,0.750208507089241,0.6218925421010425,0.8388625592417062,0.7369878694773299,0.752376264763611,0.9858757062146892,1.0197740112994351,0.562874251497006,1.5800898203592815,0.6218925421010425,2.354049719326383,0.8388625592417062,3.1303317535545023,0.9538645895745955,0.9858757062146892,0.9698701478946423,0.9868204283360791,1.0205930807248764
1.0,0.1,5736,0.7092050209205021,0.750208507089241,0.6259021651964716,0.8388625592417062,0.7383244105091396,0.7533786705374682,0.9858757062146892,1.0197740112994351,0.562874251497006,1.5800898203592815,0.6259021651964716,2.3492381716118684,0.8388625592417062,3.1208530805687205,0.9538645895745955,0.9858757062146892,0.9698701478946423,0.9868204283360791,1.0205930807248764
1.0,0.2,5736,0.7142608089260809,0.7514595496246872,0.636327185244587,0.8388625592417062,0.7422164313703267,0.7565945819429248,0.9868173258003766,1.0188323917137476,0.5643712574850299,1.5778443113772456,0.636327185244587,2.3319967923015237,0.8388625592417062,3.104265402843602,0.9535650089874176,0.9868173258003766,0.9701911673938971,0.9868204283360791,1.0205930807248764
1.0,0.3,5736,0.7200139470013946,0.7518765638031694,0.6495589414595028,0.8376777251184834,0.7463710767937185,0.7597934382143511,0.9868173258003766,1.0178907721280603,0.5651197604790419,1.5748502994011977,0.6495589414595028,2.309943865276664,0.8376777251184834,3.0912322274881516,0.9532654284002396,0.9868173258003766,0.9700413771003081,0.9868204283360791,1.0197693574958815
1.0,0.4,5736,0.7306485355648535,0.7539616346955796,0.6748195669607057,0.8293838862559242,0.7527216959707365,0.764970763616527,0.9868173258003766,1.0169491525423728,0.5688622754491018,1.5688622754491017,0.6748195669607057,2.27626303127506,0.8293838862559242,3.0545023696682465,0.9523666866387058,0.9868173258003766,0.9695920062195412,0.9868204283360791,1.0189456342668863
1.0,0.5,5736,0.7360529986052998,0.7568807339449541,0.7016840417000801,0.7784360189573459,0.7456669315341268,0.760308074864166,0.987758945386064,1.0141242937853108,0.5733532934131736,1.5553892215568863,0.7016840417000801,2.2369687249398558,0.7784360189573459,2.953791469194313,0.9490713001797484,0.987758945386064,0.9684151227829062,0.9876441515650741,1.014827018121911
1.0,0.6,5736,0.7351813110181311,0.7648040033361134,0.7253408179631115,0.6800947867298578,0.7234132026763609,0.7451923500946086,0.987758945386064,1.0141242937853108,0.5875748502994012,1.532934131736527,0.7253408179631115,2.1916599839615074,0.6800947867298578,2.796208530805687,0.9418813660874775,0.987758945386064,0.9648201557367708,0.9884678747940692,1.014003294892916
1.0,0.7,5736,0.7235006973500697,0.7802335279399499,0.7530072173215717,0.47511848341232227,0.6694530762246146,0.7077885267994506,0.987758945386064,1.0141242937853108,0.6152694610778443,1.4805389221556886,0.7530072173215717,2.1094627105052126,0.47511848341232227,2.485781990521327,0.9185140802875974,0.987758945386064,0.9531365128368308,0.9884678747940692,1.013179571663921
1.25,0.0,5736,0.7264644351464435,0.7706422018348624,0.6515637530072174,0.8222748815165877,0.7481602787862225,0.7650094263271972,0.9896421845574388,1.0160075329566856,0.5965568862275449,1.5202095808383234,0.6515637530072174,2.2902967121090616,0.8222748815165877,3.059241706161137,0.9469742360695027,0.9896421845574388,0.9683082103134708,0.9876441515650741,1.0197693574958815
1.25,0.1,5736,0.7269874476987448,0.7706422018348624,0.652766639935846,0.8222748815165877,0.7485612410957655,0.7653101480593545,0.9896421845574388,1.0160075329566856,0.5965568862275449,1.5202095808383234,0.652766639935846,2.289093825180433,0.8222748815165877,3.059241706161137,0.9469742360695027,0.9896421845574388,0.9683082103134708,0.9876441515650741,1.0197693574958815
1.25,0.2,5736,0.7306485355648535,0.7718932443703086,0.6603849238171612,0.8210900473933649,0.751122738526945,0.7675281668923053,0.9905838041431262,1.015065913370998,0.5980538922155688,1.5179640718562875,0.6603849238171612,2.2778668805132316,0.8210900473933649,3.052132701421801,0.9466746554823248,0.9905838041431262,0.9686292298127255,0.9876441515650741,1.0197693574958815
1.25,0.3,5736,0.7358786610878661,0.7723102585487907,0.6724137931034483,0.8199052132701422,0.7548764216407937,0.7704263014315744,0.9905838041431262,1.0141242937853108,0.5988023952095808,1.5149700598802396,0.6724137931034483,2.2586206896551726,0.8199052132701422,3.0390995260663507,0.9463750748951468,0.9905838041431262,0.9684794395191365,0.9876441515650741,1.0189456342668863
1.25,0.4,5736,0.74581589958159,0.774395329441201,0.6960705693664796,0.8116113744075829,0.7606924244050878,0.7752026645242073,0.9905838041431262,1.0131826741996233,0.6025449101796407,1.5089820359281436,0.6960705693664796,2.2285485164394547,0.8116113744075829,3.0023696682464456,0.9454763331336129,0.9905838041431262,0.9680300686383696,0.9876441515650741,1.0181219110378912
1.25,0.5,5736,0.75139470013947,0.7768974145120934,0.7229350441058541,0.7630331753554502,0.7542885446577993,0.7709452670849546,0.9915254237288136,1.0103578154425612,0.6062874251497006,1.4970059880239521,0.7229350441058541,2.1916599839615074,0.7630331753554502,2.9087677725118484,0.9424805272618334,0.9915254237288136,0.9670029754953235,0.9884678747940692,1.014003294892916
1.25,0.6,5736,0.7482566248256625,0.7839866555462885,0.7425821972734563,0.6635071090047393,0.7300253206081614,0.7541566765137284,0.9915254237288136,1.0103578154425612,0.6190119760479041,1.4767964071856288,0.7425821972734563,2.1507618283881316,0.6635071090047393,2.754739336492891,0.9343918514080287,0.9915254237288136,0.9629586375684211,0.9892915980230642,1.013179571663921
1.25,0.7,5736,0.7351813110181311,0.7969140950792327,0.7682437850842021,0.46208530805687204,0.675747729406769,0.7160175214330408,0.9915254237288136,1.0103578154425612,0.6422155688622755,1.4341317365269461,0.7682437850842021,2.0761828388131516,0.46208530805687204,2.456161137440758,0.9122228879568604,0.9915254237288136,0.951874155842837,0.9892915980230642,1.0123558484349258
1.5,0.0,5736,0.7376220362622036,0.7881567973311092,0.6676022453889334,0.8009478672985783,0.7522356366728736,0.7716431356010872,0.9915254237288136,1.0131826741996233,0.6264970059880239,1.4618263473053892,0.6676022453889334,2.247794707297514,0.8009478672985783,3.0,0.9400838825644098,0.9915254237288136,0.9658046531466117,0.9901153212520593,1.0156507413509062
1.5,0.1,5736,0.7381450488145049,0.7881567973311092,0.6688051323175621,0.8009478672985783,0.7526365989824165,0.7719438573332444,0.9915254237288136,1.0131826741996233,0.6264970059880239,1.4618263473053892,0.6688051323175621,2.2465918203688853,0.8009478672985783,3.0,0.9400838825644098,0.9915254237288136,0.9658046531466117,0.9901153212520593,1.0156507413509062
1.5,0.2,5736,0.7407601115760112,0.7889908256880734,0.6744186046511628,0.7997630331753555,0.7543908211715306,0.7734735475307637,0.992467043314501,1.012241054613936,0.6272455089820359,1.4603293413173652,0.6744186046511628,2.2385725741780274,0.7997630331753555,2.994075829383886,0.9397843019772318,0.992467043314501,0.9661256726458665,0.9901153212520593,1.0156507413509062
1.5,0.3,5736,0.7461645746164575,0.7894078398665555,0.6868484362469928,0.7985781990521327,0.7582781583885603,0.7764719226474185,0.992467043314501,1.0112994350282485,0.6279940119760479,1.4573353293413174,0.6868484362469928,2.220529270248597,0.7985781990521327,2.981042654028436,0.9394847213900539,0.992467043314501,0.9659758823522775,0.9901153212520593,1.014827018121911
1.5,0.4,5736,0.7557531380753139,0.7914929107589658,0.7101042502004812,0.7890995260663507,0.7635655623419325,0.7808518366318602,0.992467043314501,1.0103578154425612,0.6317365269461078,1.4528443113772456,0.7101042502004812,2.1924619085805936,0.7890995260663507,2.9502369668246446,0.9385859796285201,0.992467043314501,0.9655265114715106,0.9901153212520593,1.014003294892916
1.5,0.5,5736,0.7606345885634589,0.7939949958298582,0.7349639133921412,0.7417061611374408,0.75688835678648,0.7763894448364845,0.9934086629001884,1.0075329566854991,0.6354790419161677,1.4431137724550898,0.7349639133921412,2.1587810745789895,0.7417061611374408,2.8613744075829386,0.9355901737567406,0.9934086629001884,0.9644994183284645,0.9909390444810544,1.0098846787479407
1.5,0.6,5736,0.7571478382147838,0.8010842368640534,0.7530072173215717,0.6445497630331753,0.7328804057396002,0.7597923090173266,0.9934086629001884,1.0075329566854991,0.6482035928143712,1.4258982035928143,0.7530072173215717,2.1218925421010426,0.6445497630331753,2.713270142180095,0.9281006590772918,0.9934086629001884,0.9607546609887401,0.9917627677100495,1.0090609555189456
1.5,0.7,5736,0.7426778242677824,0.8140116763969975,0.7742582197273457,0.4466824644549763,0.6783174535264398,0.7214391331778132,0.9934086629001884,1.0075329566854991,0.6714071856287425,1.3877245508982037,0.7742582197273457,2.054129911788292,0.4466824644549763,2.4218009478672986,0.9062312762133014,0.9934086629001884,0.9498199695567449,0.9925864909390445,1.0082372322899507
2.0,0.0,5736,0.7644700139470014,0.8194328607172644,0.7117080994386528,0.764218009478673,0.7651196565448634,0.7875698449441842,0.992467043314501,1.0112994350282485,0.6818862275449101,1.3809880239520957,0.7117080994386528,2.1744186046511627,0.764218009478673,2.924170616113744,0.9316956261234272,0.992467043314501,0.9620813347189641,0.9917627677100495,1.013179571663921
2.0,0.1,5736,0.7646443514644351,0.8194328607172644,0.7121090617481957,0.764218009478673,0.7652533106480442,0.7876700855215699,0.992467043314501,1.0112994350282485,0.6818862275449101,1.3809880239520957,0.7121090617481957,2.17401764234162,0.764218009478673,2.924170616113744,0.9316956261234272,0.992467043314501,0.9620813347189641,0.9917627677100495,1.013179571663921
2.0,0.2,5736,0.7665620641562064,0.8202668890742285,0.7161186848436247,0.7630331753554502,0.7664729164244345,0.7887988134095464,0.9934086629001884,1.0103578154425612,0.6826347305389222,1.3794910179640718,0.7161186848436247,2.1684041700080194,0.7630331753554502,2.919431279620853,0.9313960455362492,0.9934086629001884,0.9624023542182187,0.9917627677100495,1.013179571663921
2.0,0.3,5736,0.7717921896792189,0.8206839032527106,0.7277465918203689,0.7630331753554502,0.7704878901428432,0.7918929159022354,0.9934086629001884,1.0103578154425612,0.6833832335329342,1.376497005988024,0.7277465918203689,2.1535685645549316,0.7630331753554502,2.909952606635071,0.9310964649490713,0.9934086629001884,0.9622525639246298,0.9917627677100495,1.013179571663921
2.0,0.4,5736,0.7787656903765691,0.8223519599666389,0.7453889334402566,0.7535545023696683,0.7737651319255212,0.7946823360547738,0.9934086629001884,1.009416195856874,0.686377245508982,1.372754491017964,0.7453889334402566,2.1311146752205294,0.7535545023696683,2.8838862559241707,0.9298981426003595,0.9934086629001884,0.9616534027502739,0.9917627677100495,1.0123558484349258
2.0,0.5,5736,0.7813807531380753,0.8248540450375312,0.7654370489174017,0.7049763033175356,0.7650891324241561,0.7887208487999637,0.9943502824858758,1.0065913370998116,0.6901197604790419,1.3645209580838322,0.7654370489174017,2.103849238171612,0.7049763033175356,2.800947867298578,0.927201917315758,0.9943502824858758,0.9607760999008168,0.9925864909390445,1.0082372322899507
2.0,0.6,5736,0.7754532775453278,0.8302752293577982,0.7778668805132317,0.6125592417061612,0.7402337838590638,0.7711566760266166,0.9943502824858758,1.0065913370998116,0.6998502994011976,1.3510479041916168,0.7778668805132317,2.0765838011226943,0.6125592417061612,2.661137440758294,0.9200119832234871,0.9943502824858758,0.9571811328546814,0.9934102141680395,1.0074135090609555
2.0,0.7,5736,0.7578451882845189,0.8407005838198499,0.7923015236567763,0.4206161137440758,0.6845394070735673,0.7314576985345562,0.9943502824858758,1.0065913370998116,0.718562874251497,1.3203592814371257,0.7923015236567763,2.0188452285485163,0.4206161137440758,2.376777251184834,0.8975434391851408,0.9943502824858758,0.9459468608355083,0.9942339373970346,1.0065897858319606
2.5,0.0,5736,0.7827754532775453,0.8402835696413679,0.7421812349639134,0.7393364928909952,0.7739337658320923,0.7984205953995673,0.9943502824858758,1.009416195856874,0.717814371257485,1.3345808383233533,0.7421812349639134,2.120288692862871,0.7393364928909952,2.8637440758293837,0.9236069502696225,0.9943502824858758,0.9589786163777492,0.9917627677100495,1.013179571663921
2.5,0.1,5736,0.7827754532775453,0.8402835696413679,0.7421812349639134,0.7393364928909952,0.7739337658320923,0.7984205953995673,0.9943502824858758,1.009416195856874,0.717814371257485,1.3345808383233533,0.7421812349639134,2.120288692862871,0.7393364928909952,2.8637440758293837,0.9236069502696225,0.9943502824858758,0.9589786163777492,0.9917627677100495,1.013179571663921
2.5,0.2,5736,0.7839958158995816,0.8407005838198499,0.7449879711307137,0.7381516587677726,0.7746134045727787,0.7990131966589648,0.9943502824858758,1.009416195856874,0.718562874251497,1.3330838323353293,0.7449879711307137,2.116279069767442,0.7381516587677726,2.862559241706161,0.9233073696824445,0.9943502824858758,0.9588288260841602,0.9917627677100495,1.013179571663921
2.5,0.3,5736,0.7883542538354253,0.841117597998332,0.7546110665597434,0.7381516587677726,0.7779601077752827,0.8016060962647252,0.9943502824858758,1.009416195856874,0.719311377245509,1.3300898203592815,0.7546110665597434,2.103849238171612,0.7381516587677726,2.8554502369668247,0.9230077890952666,0.9943502824858758,0.9586790357905712,0.9917627677100495,1.013179571663921
2.5,0.4,5736,0.7951534170153417,0.8427856547122602,0.7714514835605453,0.7298578199052133,0.7813649860593396,0.8044912437932978,0.9943502824858758,1.0084745762711864,0.7223053892215568,1.3263473053892216,0.7714514835605453,2.0846030473135526,0.7298578199052133,2.830568720379147,0.9221090473337328,0.9943502824858758,0.9582296649098043,0.9917627677100495,1.0123558484349258
2.5,0.5,5736,0.7968967921896792,0.8448707256046706,0.7898957497995188,0.6812796208530806,0.7720153654190899,0.7979416684804418,0.995291902071563,1.0056497175141244,0.7252994011976048,1.3188622754491017,0.7898957497995188,2.060946271050521,0.6812796208530806,2.748815165876777,0.9194128220491312,0.995291902071563,0.9573523620603471,0.9925864909390445,1.0082372322899507
2.5,0.6,5736,0.7904463040446305,0.8498748957464554,0.8011226944667201,0.590047393364929,0.7470149945260348,0.7801858567572401,0.995291902071563,1.0056497175141244,0.7342814371257484,1.3076347305389222,0.8011226944667201,2.036487570168404,0.590047393364929,2.612559241706161,0.9125224685440384,0.995291902071563,0.9539071853078007,0.9934102141680395,1.0074135090609555
2.5,0.7,5736,0.771094839609484,0.8582151793160967,0.8111467522052928,0.4052132701421801,0.6915250672211899,0.740225855356256,0.995291902071563,1.0056497175141244,0.749251497005988,1.282934131736527,0.8111467522052928,1.9855653568564555,0.4052132701421801,2.3412322274881516,0.890653085680048,0.995291902071563,0.9429724938758055,0.9942339373970346,1.0065897858319606
3.0,0.0,5736,0.795676429567643,0.8590492076730609,0.7634322373696872,0.7109004739336493,0.7777939729921325,0.8050449999443091,0.9943502824858758,1.009416195856874,0.7514970059880239,1.2889221556886228,0.7634322373696872,2.0765838011226943,0.7109004739336493,2.7973933649289098,0.914619532654284,0.9943502824858758,0.9544849075700799,0.9917627677100495,1.013179571663921
3.0,0.1,5736,0.795676429567643,0.8590492076730609,0.7634322373696872,0.7109004739336493,0.7777939729921325,0.8050449999443091,0.9943502824858758,1.009416195856874,0.7514970059880239,1.2889221556886228,0.7634322373696872,2.0765838011226943,0.7109004739336493,2.7973933649289098,0.914619532654284,0.9943502824858758,0.9544849075700799,0.9917627677100495,1.013179571663921
3.0,0.2,5736,0.7960251046025104,0.859883236030025,0.7638331996792301,0.7097156398104265,0.7778106918398939,0.8052232834878951,0.9943502824858758,1.009416195856874,0.7529940119760479,1.2874251497005988,0.7638331996792301,2.074178027265437,0.7097156398104265,2.796208530805687,0.9140203714799281,0.9943502824858758,0.9541853269829019,0.9917627677100495,1.013179571663921
3.0,0.3,5736,0.7995118549511855,0.8603002502085071,0.7714514835605453,0.7097156398104265,0.780489124526493,0.8073149802067269,0.9943502824858758,1.009416195856874,0.7537425149700598,1.284431137724551,0.7714514835605453,2.0645549318364074,0.7097156398104265,2.7902843601895735,0.9137207908927502,0.9943502824858758,0.954035536689313,0.9917627677100495,1.013179571663921
3.0,0.4,5736,0.8049163179916318,0.8611342785654712,0.7862870890136328,0.7002369668246445,0.7825527781345829,0.8090284648205592,0.9943502824858758,1.0084745762711864,0.7552395209580839,1.282934131736527,0.7862870890136328,2.0473135525260626,0.7002369668246445,2.765402843601896,0.9128220491312163,0.9943502824858758,0.953586165808546,0.9917627677100495,1.0123558484349258
3.0,0.5,5736,0.8050906555090656,0.8636363636363636,0.7999198075380914,0.6540284360189573,0.7725282023978042,0.8020555453891889,0.995291902071563,1.0056497175141244,0.7589820359281437,1.2754491017964071,0.7999198075380914,2.028869286287089,0.6540284360189573,2.68957345971564,0.9101258238466148,0.995291902071563,0.952708862959089,0.9925864909390445,1.0082372322899507
3.0,0.6,5736,0.7974198047419805,0.8669724770642202,0.8095429029671211,0.5639810426540285,0.7468321408951232,0.783446476893238,0.995291902071563,1.0056497175141244,0.7649700598802395,1.2679640718562875,0.8095429029671211,2.007217321571772,0.5639810426540285,2.559241706161137,0.9032354703415219,0.995291902071563,0.9492636862065424,0.9934102141680395,1.0074135090609555
3.0,0.7,5736,0.7770223152022315,0.8744787322768974,0.8167602245388933,0.38270142180094785,0.6913134595389129,0.7432991655459649,0.995291902071563,1.0056497175141244,0.7784431137724551,1.2462574850299402,0.8167602245388933,1.9607056936647955,0.38270142180094785,2.300947867298578,0.8822648292390654,0.995291902071563,0.9387783656553141,0.9942339373970346,1.0065897858319606
4.0,0.0,5736,0.8104951185495118,0.8844870725604671,0.7902967121090617,0.659952606635071,0.7782454637681999,0.8104388224631908,0.9943502824858758,1.009416195856874,0.7971556886227545,1.2335329341317365,0.7902967121090617,2.0152365677626305,0.659952606635071,2.6943127962085307,0.8996405032953865,0.9943502824858758,0.9469953928906312,0.9925864909390445,1.0123558484349258
4.0,0.1,5736,0.8104951185495118,0.8844870725604671,0.7902967121090617,0.659952606635071,0.7782454637681999,0.8104388224631908,0.9943502824858758,1.009416195856874,0.7971556886227545,1.2335329341317365,0.7902967121090617,2.0152365677626305,0.659952606635071,2.6943127962085307,0.8996405032953865,0.9943502824858758,0.9469953928906312,0.9925864909390445,1.0123558484349258
4.0,0.2,5736,0.8108437935843794,0.8853211009174312,0.7902967121090617,0.659952606635071,0.7785234732205213,0.8108130739601968,0.9943502824858758,1.009416195856874,0.7986526946107785,1.2320359281437125,0.7902967121090617,2.0144346431435447,0.659952606635071,2.6943127962085307,0.8993409227082085,0.9943502824858758,0.9468456025970422,0.9925864909390445,1.0123558484349258
4.0,0.3,5736,0.8122384937238494,0.8857381150959133,0.7931034482758621,0.659952606635071,0.7795980566689488,0.8117018837503999,0.9943502824858758,1.009416195856874,0.7994011976047904,1.2290419161676647,0.7931034482758621,2.011226944667201,0.659952606635071,2.68957345971564,0.8990413421210306,0.9943502824858758,0.9466958123034532,0.9925864909390445,1.0123558484349258
4.0,0.4,5736,0.8150278940027894,0.8861551292743953,0.8019246190858059,0.6516587677725119,0.7799128387109043,0.8120208424857489,0.9943502824858758,1.0084745762711864,0.8001497005988024,1.2282934131736527,0.8019246190858059,2.0,0.6516587677725119,2.6682464454976302,0.8978430197723187,0.9943502824858758,0.9460966511290972,0.9925864909390445,1.0115321252059308
4.0,0.5,5736,0.8139818688981869,0.8886572143452878,0.8123496391339214,0.6066350710900474,0.7692139748564188,0.8045422069660986,0.995291902071563,1.0056497175141244,0.8038922155688623,1.221556886227545,0.8123496391339214,1.9859663191659984,0.6066350710900474,2.5983412322274884,0.8960455362492511,0.995291902071563,0.9456687191604071,0.9934102141680395,1.0074135090609555
4.0,0.6,5736,0.805439330543933,0.8915763135946623,0.8187650360866079,0.5213270142180095,0.7438894546330932,0.7861289222257817,0.995291902071563,1.0056497175141244,0.8091317365269461,1.214820359281437,0.8187650360866079,1.9683239775461108,0.5213270142180095,2.476303317535545,0.8888556021569802,0.995291902071563,0.9420737521142717,0.9942339373970346,1.0065897858319606
4.0,0.7,5736,0.7824267782426778,0.8969974979149291,0.8195669607056937,0.3471563981042654,0.6879069522416295,0.7452193840826561,0.995291902071563,1.0056497175141244,0.8188622754491018,1.1968562874251496,0.8195669607056937,1.929430633520449,0.3471563981042654,2.2369668246445498,0.8678849610545236,0.995291902071563,0.9315884315630434,0.9942339373970346,1.0065897858319606
5.0,0.0,5736,0.819560669456067,0.9070058381984988,0.8047313552526063,0.6149289099526066,0.7755553678012372,0.8128963494976225,0.9943502824858758,1.009416195856874,0.8375748502994012,1.1826347305389222,0.8047313552526063,1.9655172413793103,0.6149289099526066,2.604265402843602,0.8843618933493109,0.9943502824858758,0.9393560879175933,0.9925864909390445,1.0115321252059308
5.0,0.1,5736,0.819560669456067,0.9070058381984988,0.8047313552526063,0.6149289099526066,0.7755553678012372,0.8128963494976225,0.9943502824858758,1.009416195856874,0.8375748502994012,1.1826347305389222,0.8047313552526063,1.9655172413793103,0.6149289099526066,2.604265402843602,0.8843618933493109,0.9943502824858758,0.9393560879175933,0.9925864909390445,1.0115321252059308
5.0,0.2,5736,0.819560669456067,0.9074228523769808,0.8043303929430633,0.6149289099526066,0.7755607184242169,0.8129832346687397,0.9943502824858758,1.009416195856874,0.8383233532934131,1.1818862275449102,0.8043303929430633,1.9651162790697674,0.6149289099526066,2.604265402843602,0.884062312762133,0.9943502824858758,0.9392062976240043,0.9925864909390445,1.0115321252059308
5.0,0.3,5736,0.8202580195258019,0.9078398665554629,0.8055332798716921,0.6149289099526066,0.7761006854599205,0.8134710821493999,0.9943502824858758,1.009416195856874,0.8390718562874252,1.1788922155688624,0.8055332798716921,1.9639133921411387,0.6149289099526066,2.6018957345971563,0.884062312762133,0.9943502824858758,0.9392062976240043,0.9925864909390445,1.0115321252059308
5.0,0.4,5736,0.8213040446304045,0.908256880733945,0.8107457898957497,0.6054502369668247,0.7748176358655064,0.8125916671574719,0.9943502824858758,1.0084745762711864,0.8398203592814372,1.1781437125748504,0.8107457898957497,1.9566960705693666,0.6054502369668247,2.585308056872038,0.8828639904134212,0.9943502824858758,0.9386071364496484,0.9925864909390445,1.0107084019769357
5.0,0.5,5736,0.818863319386332,0.9095079232693911,0.8187650360866079,0.5616113744075829,0.7632947779211939,0.8042464194588037,0.995291902071563,1.0056497175141244,0.8413173652694611,1.1736526946107784,0.8187650360866079,1.9454691259021653,0.5616113744075829,2.5248815165876777,0.8807669263031755,0.995291902071563,0.9380294141873693,0.9934102141680395,1.0074135090609555
5.0,0.6,5736,0.8096234309623431,0.9120100083402836,0.8215717722534082,0.4834123222748815,0.7389980342895245,0.7865210949583464,0.995291902071563,1.0056497175141244,0.8458083832335329,1.1676646706586826,0.8215717722534082,1.9330392943063353,0.4834123222748815,2.4135071090047395,0.8738765727980827,0.995291902071563,0.9345842374348229,0.9942339373970346,1.0065897858319606
5.0,0.7,5736,0.7867852161785216,0.9165971643035863,0.8195669607056937,0.32109004739336494,0.6857513908008817,0.7474977065845716,0.995291902071563,1.0056497175141244,0.8540419161676647,1.155688622754491,0.8195669607056937,1.900962309542903,0.32109004739336494,2.193127962085308,0.8538046734571599,0.995291902071563,0.9245482877643615,0.9942339373970346,1.0065897858319606
6.0,0.0,5736,0.8256624825662483,0.9299416180150125,0.8135525260625501,0.5651658767772512,0.7695533402849378,0.8129528000739342,0.9943502824858758,1.009416195856874,0.8787425149700598,1.1339820359281436,0.8135525260625501,1.9330392943063353,0.5651658767772512,2.518957345971564,0.8723786698621929,0.9943502824858758,0.9333644761740343,0.9925864909390445,1.0115321252059308
6.0,0.1,5736,0.8256624825662483,0.9299416180150125,0.8135525260625501,0.5651658767772512,0.7695533402849378,0.8129528000739342,0.9943502824858758,1.009416195856874,0.8787425149700598,1.1339820359281436,0.8135525260625501,1.9330392943063353,0.5651658767772512,2.518957345971564,0.8723786698621929,0.9943502824858758,0.9333644761740343,0.9925864909390445,1.0115321252059308
6.0,0.2,5736,0.825836820083682,0.9303586321934946,0.8135525260625501,0.5651658767772512,0.7696923450110985,0.8131399258224372,0.9943502824858758,1.009416195856874,0.8794910179640718,1.1332335329341316,0.8135525260625501,1.9330392943063353,0.5651658767772512,2.518957345971564,0.8723786698621929,0.9943502824858758,0.9333644761740343,0.9925864909390445,1.0115321252059308
6.0,0.3,5736,0.8261854951185496,0.9307756463719766,0.813953488372093,0.5651658767772512,0.7699650038404403,0.813427292148326,0.9943502824858758,1.009416195856874,0.8802395209580839,1.1324850299401197,0.813953488372093,1.9326383319967924,0.5651658767772512,2.5165876777251186,0.8723786698621929,0.9943502824858758,0.9333644761740343,0.9925864909390445,1.0115321252059308
6.0,0.4,5736,0.8268828451882845,0.9311926605504587,0.8167602245388933,0.5604265402843602,0.7694598084579041,0.8131312678153062,0.9943502824858758,1.0084745762711864,0.8809880239520959,1.1317365269461077,0.8167602245388933,1.9278267842822774,0.5604265402843602,2.5071090047393363,0.8711803475134812,0.9943502824858758,0.9327653149996784,0.9925864909390445,1.0107084019769357
6.0,0.5,5736,0.823744769874477,0.932443703085905,0.8227746591820368,0.5177725118483413,0.7576636247054277,0.8045810257605153,0.995291902071563,1.0056497175141244,0.8824850299401198,1.127245508982036,0.8227746591820368,1.9186046511627908,0.5177725118483413,2.449052132701422,0.8690832834032355,0.995291902071563,0.9321875927373993,0.9934102141680395,1.0074135090609555
6.0,0.6,5736,0.8139818688981869,0.9349457881567973,0.8235765838011226,0.4419431279620853,0.7334884999733351,0.7869469154347406,0.995291902071563,1.0056497175141244,0.8869760479041916,1.1212574850299402,0.8235765838011226,1.908981555733761,0.4419431279620853,2.343601895734597,0.8624925104853205,0.995291902071563,0.9288922062784417,0.9942339373970346,1.0065897858319606
6.0,0.7,5736,0.7902719665271967,0.9378648874061718,0.8175621491579792,0.2902843601895735,0.6819037989179081,0.7488384950703478,0.995291902071563,1.0056497175141244,0.8922155688622755,1.1130239520958083,0.8175621491579792,1.8829190056134724,0.2902843601895735,2.1350710900473935,0.8421210305572199,0.995291902071563,0.9187064663143915,0.9942339373970346,1.0065897858319606
8.0,0.0,5736,0.828626220362622,0.9520433694745621,0.8231756214915797,0.4940758293838863,0.7564316067833428,0.8075037267535092,0.9943502824858758,1.0084745762711864,0.9184131736526946,1.0883233532934131,0.8231756214915797,1.8777064955894145,0.4940758293838863,2.4016587677725116,0.8487118034751349,0.9943502824858758,0.9215310429805053,0.9925864909390445,1.0107084019769357
8.0,0.1,5736,0.828626220362622,0.9520433694745621,0.8231756214915797,0.4940758293838863,0.7564316067833428,0.8075037267535092,0.9943502824858758,1.0084745762711864,0.9184131736526946,1.0883233532934131,0.8231756214915797,1.8777064955894145,0.4940758293838863,2.4016587677725116,0.8487118034751349,0.9943502824858758,0.9215310429805053,0.9925864909390445,1.0107084019769357
8.0,0.2,5736,0.828626220362622,0.9520433694745621,0.8231756214915797,0.4940758293838863,0.7564316067833428,0.8075037267535092,0.9943502824858758,1.0084745762711864,0.9184131736526946,1.0883233532934131,0.8231756214915797,1.8777064955894145,0.4940758293838863,2.4016587677725116,0.8487118034751349,0.9943502824858758,0.9215310429805053,0.9925864909390445,1.0107084019769357
8.0,0.3,5736,0.828626220362622,0.9520433694745621,0.8231756214915797,0.4940758293838863,0.7564316067833428,0.8075037267535092,0.9943502824858758,1.0084745762711864,0.9184131736526946,1.0883233532934131,0.8231756214915797,1.8777064955894145,0.4940758293838863,2.4004739336492893,0.8487118034751349,0.9943502824858758,0.9215310429805053,0.9925864909390445,1.0107084019769357
8.0,0.4,5736,0.8284518828451883,0.9524603836530442,0.8227746591820368,0.4928909952606635,0.7560420126985816,0.8072944033938207,0.9943502824858758,1.0075329566854991,0.9191616766467066,1.0875748502994012,0.8227746591820368,1.8765036086607858,0.4928909952606635,2.395734597156398,0.8478130617136009,0.9943502824858758,0.9210816720997383,0.9925864909390445,1.0098846787479407
8.0,0.5,5736,0.824442119944212,0.9532944120100083,0.8247794707297514,0.45734597156398105,0.7451399514345803,0.7993318810015035,0.995291902071563,1.0047080979284368,0.9199101796407185,1.0838323353293413,0.8247794707297514,1.872093023255814,0.45734597156398105,2.345971563981043,0.8457159976033553,0.995291902071563,0.9205039498374592,0.9934102141680395,1.0065897858319606
8.0,0.6,5736,0.8162482566248257,0.9553794829024187,0.8251804330392943,0.39454976303317535,0.725036559658296,0.7846686981887028,0.995291902071563,1.0047080979284368,0.9236526946107785,1.0793413173652695,0.8251804330392943,1.8648757016840416,0.39454976303317535,2.259478672985782,0.8400239664469742,0.995291902071563,0.9176579342592686,0.9942339373970346,1.0057660626029654
8.0,0.7,5736,0.7928870292887029,0.957464553794829,0.8143544506816359,0.2618483412322275,0.6778891152362307,0.7497224758915662,0.995291902071563,1.0047080979284368,0.9273952095808383,1.0748502994011977,0.8143544506816359,1.8452285485164395,0.2618483412322275,2.0734597156398102,0.8205512282804074,0.995291902071563,0.9079215651759852,0.9942339373970346,1.0057660626029654
10.0,0.0,5736,0.8141562064156206,0.9670558798999166,0.8115477145148356,0.38744075829383884,0.722014784236197,0.784674509182919,0.9943502824858758,1.0075329566854991,0.9453592814371258,1.0591317365269461,0.8115477145148356,1.8396150761828387,0.38744075829383884,2.2251184834123223,0.8211503894547634,0.9943502824858758,0.9077503359703196,0.9925864909390445,1.0090609555189456
10.0,0.1,5736,0.8141562064156206,0.9670558798999166,0.8115477145148356,0.38744075829383884,0.722014784236197,0.784674509182919,0.9943502824858758,1.0075329566854991,0.9453592814371258,1.0591317365269461,0.8115477145148356,1.8396150761828387,0.38744075829383884,2.2251184834123223,0.8211503894547634,0.9943502824858758,0.9077503359703196,0.9925864909390445,1.0090609555189456
10.0,0.2,5736,0.8141562064156206,0.9670558798999166,0.8115477145148356,0.38744075829383884,0.722014784236197,0.784674509182919,0.9943502824858758,1.0075329566854991,0.9453592814371258,1.0591317365269461,0.8115477145148356,1.8396150761828387,0.38744075829383884,2.2251184834123223,0.8211503894547634,0.9943502824858758,0.9077503359703196,0.9925864909390445,1.0090609555189456
10.0,0.3,5736,0.8141562064156206,0.9670558798999166,0.8115477145148356,0.38744075829383884,0.722014784236197,0.784674509182919,0.9943502824858758,1.0075329566854991,0.9453592814371258,1.0591317365269461,0.8115477145148356,1.8396150761828387,0.38744075829383884,2.2251184834123223,0.8211503894547634,0.9943502824858758,0.9077503359703196,0.9925864909390445,1.0090609555189456
10.0,0.4,5736,0.8141562064156206,0.9674728940783986,0.8111467522052928,0.38744075829383884,0.7220201348591768,0.7847613943540364,0.9943502824858758,1.0075329566854991,0.9461077844311377,1.0583832335329342,0.8111467522052928,1.83841218925421,0.38744075829383884,2.2251184834123223,0.8205512282804074,0.9943502824858758,0.9074507553831416,0.9925864909390445,1.0090609555189456
10.0,0.5,5736,0.8117154811715481,0.9678899082568807,0.8111467522052928,0.3696682464454976,0.7162349689692237,0.7805536712883728,0.995291902071563,1.0047080979284368,0.9461077844311377,1.0561377245508983,0.8111467522052928,1.8360064153969526,0.3696682464454976,2.203791469194313,0.8187537447573398,0.995291902071563,0.9070228234144514,0.9934102141680395,1.0065897858319606
10.0,0.6,5736,0.806136680613668,0.969557964970809,0.8095429029671211,0.33175355450236965,0.7036181408134333,0.7714225389870598,0.995291902071563,1.0047080979284368,0.9491017964071856,1.0523952095808384,0.8095429029671211,1.8311948676824379,0.33175355450236965,2.1504739336492893,0.8136608747753146,0.995291902071563,0.9044763884234388,0.9942339373970346,1.0057660626029654
10.0,0.7,5736,0.7853905160390516,0.9716430358632193,0.7979149959903769,0.21919431279620852,0.6629174482166016,0.7413113805588485,0.995291902071563,1.0047080979284368,0.9528443113772455,1.0479041916167664,0.7979149959903769,1.814755412991179,0.21919431279620852,1.995260663507109,0.7959856201318155,0.995291902071563,0.8956387611016893,0.9942339373970346,1.0057660626029654
