tau,rho,n_A,n_B,auc,J_max,ambang,ambang_atas,lebar_persis,sepertiga_di_interval_persis,plateau_lo,plateau_hi,lebar_plateau_eps,sepertiga_di_plateau_eps,J_sepertiga,defisit_J_sepertiga,akurasi_sepertiga,akurasi_ambang,sens_band,spes_band,n_takpecah_A,n_takpecah_B,n_terpisah0,geser_mean,geser_sd,geser_rentang,frak_br_identik,frak_br_identik_normal
0.0,0.0,1555,976,0.9131842680934057,0.7780895841020505,0.3587657577822075,0.3593394089315999,0.0005736511493923957,False,0.3587657577822075,0.37242264987106555,0.013656892088858064,False,0.7649333192767909,0.013156264825259667,0.8996444093243777,0.9028052153299091,0.957556270096463,0.8073770491803278,21,5,596,-0.0073026132984250714,0.013691981951500084,0.05156686521532869,0.7878228782287823,0.9289347273241029
0.0,0.1,1555,976,0.9135351325707659,0.7779696642243423,0.3587657577822075,0.3593394089315999,0.0005736511493923957,False,0.3587657577822075,0.37242264987106555,0.013656892088858064,False,0.7648133993990828,0.013156264825259556,0.9000395100750691,0.9032003160806006,0.9594855305466238,0.805327868852459,21,5,596,-0.0077289251857304555,0.013236848453227893,0.048874598070739544,0.7894736842105263,0.9313268334039847
0.0,0.2,1555,976,0.9157019266248485,0.782231432185968,0.3587657577822075,0.3593394089315999,0.0005736511493923957,False,0.3587657577822075,0.37242264987106555,0.013656892088858064,False,0.768050577196774,0.01418085498919397,0.9032003160806006,0.9067562228368234,0.9678456591639871,0.8002049180327869,21,5,596,-0.008961972902835829,0.011778837945732699,0.03903194349269942,0.7969508642454846,0.9423403052572075
0.0,0.3,1555,976,0.9168902535448843,0.7854468662695693,0.3587657577822075,0.3593394089315999,0.0005736511493923957,False,0.3587657577822075,0.37242264987106555,0.013656892088858064,False,0.7708845079331612,0.014562358336408066,0.9051758198340577,0.9087317265902806,0.9717041800643087,0.7991803278688525,21,5,592,-0.008008931378732253,0.012594232886765722,0.04096120394286015,0.7970479704797048,0.9431641453414393
0.0,0.4,1555,976,0.9157628749143429,0.7839972853302409,0.37147841246231744,0.3714956989682348,1.72865059173688e-05,False,0.3587657577822075,0.37242264987106555,0.013656892088858064,False,0.7705030045859469,0.01349428074429404,0.9051758198340577,0.9059660213354406,0.9723472668810289,0.798155737704918,21,5,587,-0.00863000959676883,0.012621645105339618,0.03955511043171153,0.795882695669062,0.9424165251839276
0.0,0.5,1555,976,0.911558760740077,0.7816100890833377,0.3587657577822075,0.3593394089315999,0.0005736511493923957,False,0.3587657577822075,0.37242264987106555,0.013656892088858064,False,0.7690969110747984,0.01251317800853935,0.9047807190833662,0.9075464243382062,0.9729903536977492,0.7961065573770492,24,7,572,-0.010379158456347938,0.01237174170566263,0.03748418638975286,0.7904447465527287,0.9366316983271903
0.0,0.6,1555,976,0.895311594011913,0.7720072742607138,0.3587657577822075,0.3593394089315999,0.0005736511493923957,False,0.3587657577822075,0.3587657577822075,0.0,False,0.7594940962521743,0.01251317800853946,0.9012248123271435,0.9039905175819835,0.9736334405144694,0.7858606557377049,38,19,556,-0.014899423981962414,0.010285034263119984,0.03547849349006377,0.7820936104097883,0.9263217899387203
0.0,0.7,1555,976,0.8553515892678298,0.7389805492593959,0.3587657577822075,0.3593394089315999,0.0005736511493923957,False,0.3587657577822075,0.37242264987106555,0.013656892088858064,False,0.7278734647620052,0.011107084497390729,0.889766890557092,0.8921374950612406,0.9768488745980708,0.7510245901639344,80,36,528,-0.02735937012032912,0.010948435643280555,0.04043869590427496,0.7563604583414255,0.9016274338854984
0.1,0.0,1555,976,0.912457830372674,0.7770649939381161,0.3587657577822075,0.3593394089315999,0.0005736511493923957,False,0.3587657577822075,0.37242264987106555,0.013656892088858064,False,0.7639087291128565,0.013156264825259667,0.8992493085736862,0.9024101145792177,0.957556270096463,0.8063524590163934,29,6,596,-0.006398433048697172,0.011980150281305932,0.04744676084550105,0.8054962128568655,0.9335970613167561
0.1,0.1,1555,976,0.9126334273364608,0.776945074060408,0.3587657577822075,0.3593394089315999,0.0005736511493923957,False,0.3587657577822075,0.37242264987106555,0.013656892088858064,False,0.7637888092351484,0.013156264825259667,0.8996444093243777,0.9028052153299091,0.9594855305466238,0.8043032786885246,29,6,596,-0.0070512874848121816,0.011755921689354309,0.044754493700911904,0.8072441250728297,0.936263425664217
0.1,0.2,1555,976,0.9154235411944547,0.782231432185968,0.3587657577822075,0.3593394089315999,0.0005736511493923957,False,0.3587657577822075,0.37242264987106555,0.013656892088858064,False,0.768050577196774,0.01418085498919397,0.9032003160806006,0.9067562228368234,0.9678456591639871,0.8002049180327869,29,6,596,-0.007826101410007178,0.01056066193552537,0.03555492593959199,0.8146241988735676,0.9472716991800961
0.1,0.3,1555,976,0.9166098914132096,0.7854468662695693,0.3587657577822075,0.3593394089315999,0.0005736511493923957,False,0.3587657577822075,0.37242264987106555,0.013656892088858064,False,0.7708845079331612,0.014562358336408066,0.9051758198340577,0.9087317265902806,0.9717041800643087,0.7991803278688525,29,6,592,-0.006873059885903604,0.011406818692206892,0.03748418638975272,0.814721305107788,0.9478150190920662
0.1,0.4,1555,976,0.915487783986084,0.7839972853302409,0.37147841246231744,0.3714956989682348,1.72865059173688e-05,False,0.3587657577822075,0.37242264987106555,0.013656892088858064,False,0.7705030045859469,0.01349428074429404,0.9051758198340577,0.9059660213354406,0.9723472668810289,0.798155737704918,29,6,587,-0.007494138103940184,0.011428608206470115,0.0360780928786041,0.8132647115944843,0.9467799009200283
0.1,0.5,1555,976,0.9111551842285592,0.7816100890833377,0.3587657577822075,0.3593394089315999,0.0005736511493923957,False,0.3587657577822075,0.37242264987106555,0.013656892088858064,False,0.7690969110747984,0.01251317800853935,0.9047807190833662,0.9075464243382062,0.9729903536977492,0.7961065573770492,31,9,572,-0.009643183234712378,0.011356908545162614,0.034268752306151465,0.8084093998834725,0.941835721378919
0.1,0.6,1555,976,0.8949999341099574,0.7720072742607138,0.3587657577822075,0.3593394089315999,0.0005736511493923957,False,0.3587657577822075,0.3587657577822075,0.0,False,0.7594940962521743,0.01251317800853946,0.9012248123271435,0.9039905175819835,0.9736334405144694,0.7858606557377049,46,21,556,-0.014430849757723302,0.009514781350745568,0.03238297928417057,0.7999611575063119,0.9315068493150684
0.1,0.7,1555,976,0.8548870644668177,0.7389805492593959,0.3587657577822075,0.3593394089315999,0.0005736511493923957,False,0.3587657577822075,0.37242264987106555,0.013656892088858064,False,0.7278734647620052,0.011107084497390729,0.889766890557092,0.8921374950612406,0.9768488745980708,0.7510245901639344,93,43,528,-0.027307843444728776,0.010851695431253257,0.04043869590427496,0.7735482617984074,0.9082421590080233
0.25,0.0,1555,976,0.9091570686837805,0.7795174213272891,0.3587657577822075,0.3593394089315999,0.0005736511493923957,False,0.3587657577822075,0.37242264987106555,0.013656892088858064,False,0.7673857466659638,0.012131674661325254,0.9016199130778348,0.9043856183326748,0.9620578778135048,0.805327868852459,48,13,596,-0.005223842050376278,0.010769743058072713,0.038944968636339686,0.871722664595067,0.9566261655834981
0.25,0.1,1555,976,0.9099059090190289,0.7797790047967952,0.3587657577822075,0.3593394089315999,0.0005736511493923957,False,0.3587657577822075,0.37242264987106555,0.013656892088858064,False,0.7676473301354699,0.012131674661325254,0.9020150138285262,0.9047807190833662,0.9633440514469453,0.8043032786885246,48,13,596,-0.00513637715751812,0.01073941933364638,0.03818196194191138,0.8725966207030491,0.9580271339739966
0.25,0.2,1555,976,0.9111429945706604,0.7818499288387539,0.3587657577822075,0.3593394089315999,0.0005736511493923957,False,0.3587657577822075,0.37242264987106555,0.013656892088858064,False,0.7686936640134943,0.013156264825259667,0.903595416831292,0.9067562228368234,0.9684887459807074,0.8002049180327869,48,13,596,-0.0068940817894755525,0.009355374802488868,0.030508407569448132,0.8774519324140609,0.9653612328573449
0.25,0.3,1555,976,0.9121863633967635,0.7844222761056349,0.3587657577822075,0.3593394089315999,0.0005736511493923957,False,0.3587657577822075,0.37242264987106555,0.013656892088858064,False,0.7708845079331612,0.013537768172473652,0.9051758198340577,0.9083366258395891,0.9717041800643087,0.7991803278688525,48,13,592,-0.006179684729058819,0.01002112690032042,0.03179458120288854,0.8765779763060788,0.9647658129333522
0.25,0.4,1555,976,0.912032180696853,0.7839972853302409,0.37147841246231744,0.3714956989682348,1.72865059173688e-05,False,0.3587657577822075,0.37242264987106555,0.013656892088858064,False,0.7705030045859469,0.01349428074429404,0.9051758198340577,0.9059660213354406,0.9723472668810289,0.798155737704918,48,13,587,-0.0061932170207423184,0.01003441720855267,0.03153299773338254,0.8750242765585551,0.9635874185321621
0.25,0.5,1555,976,0.9079265721364188,0.7816100890833377,0.3587657577822075,0.3593394089315999,0.0005736511493923957,False,0.3587657577822075,0.37242264987106555,0.013656892088858064,False,0.7690969110747984,0.01251317800853935,0.9047807190833662,0.9075464243382062,0.9729903536977492,0.7961065573770492,52,17,572,-0.008014940947953082,0.009745065431319228,0.031009830794370342,0.8693921149737813,0.9587716804094398
0.25,0.6,1555,976,0.8935305861578198,0.7720072742607138,0.3587657577822075,0.3593394089315999,0.0005736511493923957,False,0.3587657577822075,0.3587657577822075,0.0,False,0.7594940962521743,0.01251317800853946,0.9012248123271435,0.9039905175819835,0.9736334405144694,0.7858606557377049,67,28,556,-0.01260365927470889,0.0073200335856094005,0.026050287280586146,0.8588075354437755,0.9494833524684271
0.25,0.7,1555,976,0.8546511781139634,0.7389805492593959,0.3587657577822075,0.3593394089315999,0.0005736511493923957,False,0.3587657577822075,0.37242264987106555,0.013656892088858064,False,0.7278734647620052,0.011107084497390729,0.889766890557092,0.8921374950612406,0.9768488745980708,0.7510245901639344,123,54,528,-0.026592588820439765,0.011297723227383373,0.04043869590427496,0.8293843464750437,0.9297337278106509
0.5,0.0,1555,976,0.9048705919561436,0.7777298244689262,0.3587657577822075,0.3593394089315999,0.0005736511493923957,False,0.3587657577822075,0.37242264987106555,0.013656892088858064,False,0.7672658267882557,0.010463997680670523,0.9020150138285262,0.9039905175819835,0.9639871382636656,0.8032786885245902,80,18,596,-0.0025749696243592074,0.0048384533937022335,0.019009277318011726,0.948339483394834,0.9764057643402091
0.5,0.1,1555,976,0.905600983079437,0.7779914079384324,0.3587657577822075,0.3593394089315999,0.0005736511493923957,False,0.3587657577822075,0.37242264987106555,0.013656892088858064,False,0.7675274102577618,0.010463997680670523,0.9024101145792177,0.9043856183326748,0.9652733118971061,0.8022540983606558,80,18,596,-0.0027964263889687204,0.004225634754562808,0.016197090295714596,0.9494076519712565,0.9778123233465235
0.5,0.2,1555,976,0.9079219598334299,0.7814684254915397,0.3587657577822075,0.3593394089315999,0.0005736511493923957,False,0.3587657577822075,0.37242264987106555,0.013656892088858064,False,0.7699798376469347,0.011488587844605047,0.9043856183326748,0.9067562228368234,0.9697749196141479,0.8002049180327869,80,18,596,-0.0031474944963603524,0.003874060805844423,0.013003399926203085,0.9515439891241018,0.9811881188118812
0.5,0.3,1555,976,0.9087320779083866,0.7833976859417005,0.3587657577822075,0.3593394089315999,0.0005736511493923957,False,0.3587657577822075,0.37242264987106555,0.013656892088858064,False,0.7708845079331612,0.012513178008539239,0.9051758198340577,0.9079415250888977,0.9717041800643087,0.7991803278688525,80,18,592,-0.002753025048281835,0.004397370142200017,0.013788150334721583,0.9495047582054768,0.979187314172448
0.5,0.4,1555,976,0.9088981208159823,0.7839972853302409,0.37147841246231744,0.3714956989682348,1.72865059173688e-05,False,0.3587657577822075,0.37242264987106555,0.013656892088858064,False,0.7705030045859469,0.01349428074429404,0.9051758198340577,0.9059660213354406,0.9723472668810289,0.798155737704918,80,18,587,-0.002581204345484735,0.00465666928785765,0.01443123715144179,0.9471742085841911,0.9781436275901221
0.5,0.5,1555,976,0.9062065125718202,0.7816100890833377,0.3587657577822075,0.3593394089315999,0.0005736511493923957,False,0.3587657577822075,0.37242264987106555,0.013656892088858064,False,0.7690969110747984,0.01251317800853935,0.9047807190833662,0.9075464243382062,0.9729903536977492,0.7961065573770492,83,20,572,-0.003798938422013597,0.0042385645741936945,0.013701175478361804,0.9400854534861138,0.973601598173516
0.5,0.6,1555,976,0.8928825575878973,0.7720072742607138,0.3587657577822075,0.3593394089315999,0.0005736511493923957,False,0.3587657577822075,0.3587657577822075,0.0,False,0.7594940962521743,0.01251317800853946,0.9012248123271435,0.9039905175819835,0.9736334405144694,0.7858606557377049,98,34,556,-0.009437321550560238,0.0036859597379618647,0.014910916662274065,0.9266847931637211,0.9655969933506794
0.5,0.7,1555,976,0.8543905829950977,0.7389805492593959,0.3587657577822075,0.3593394089315999,0.0005736511493923957,False,0.3587657577822075,0.37242264987106555,0.013656892088858064,False,0.7278734647620052,0.011107084497390729,0.889766890557092,0.8921374950612406,0.9768488745980708,0.7510245901639344,155,73,528,-0.02519415378510813,0.012283958455033552,0.04043869590427496,0.8920178675470966,0.9503908598917619
0.75,0.0,1555,976,0.905240564545886,0.7792775815718729,0.3587657577822075,0.3593394089315999,0.0005736511493923957,False,0.3587657577822075,0.37242264987106555,0.013656892088858064,False,0.7677889937272679,0.011488587844604936,0.9028052153299091,0.9051758198340577,0.9665594855305466,0.8012295081967213,95,22,596,-0.0007504048098804059,0.002587618548616193,0.010529228822940322,0.9779568848320063,0.9896863520768578
0.75,0.1,1555,976,0.9050376232143797,0.7782529914079385,0.3587657577822075,0.3593394089315999,0.0005736511493923957,False,0.3587657577822075,0.37242264987106555,0.013656892088858064,False,0.7667644035633334,0.011488587844605047,0.9024101145792177,0.9047807190833662,0.9665594855305466,0.8002049180327869,95,22,596,-0.001388842901980249,0.0020319627262509804,0.008480048495071495,0.9780539910662265,0.9899660825325043
0.75,0.2,1555,976,0.9072334088872488,0.7814684254915397,0.3587657577822075,0.3593394089315999,0.0005736511493923957,False,0.3587657577822075,0.37242264987106555,0.013656892088858064,False,0.7699798376469347,0.011488587844605047,0.9043856183326748,0.9067562228368234,0.9697749196141479,0.8002049180327869,95,22,596,-0.0016446518873424634,0.0023726517850596843,0.00972273470033208,0.9777626723635657,0.9902376910016978
0.75,0.3,1555,976,0.9080422091613517,0.7833976859417005,0.3587657577822075,0.3593394089315999,0.0005736511493923957,False,0.3587657577822075,0.37242264987106555,0.013656892088858064,False,0.7708845079331612,0.012513178008539239,0.9051758198340577,0.9079415250888977,0.9717041800643087,0.7991803278688525,95,22,592,-0.0012501824392639428,0.0029592795164205964,0.012295081967213295,0.9748494853369586,0.9873955530378133
0.75,0.4,1555,976,0.9082069342680934,0.7839972853302409,0.37147841246231744,0.3714956989682348,1.72865059173688e-05,False,0.3587657577822075,0.37242264987106555,0.013656892088858064,False,0.7705030045859469,0.01349428074429404,0.9051758198340577,0.9059660213354406,0.9723472668810289,0.798155737704918,95,22,587,-0.0010783617364668462,0.003251987839237643,0.013962758947868026,0.9712565546708098,0.985373473445044
0.75,0.5,1555,976,0.9055766037636392,0.7816100890833377,0.3587657577822075,0.3593394089315999,0.0005736511493923957,False,0.3587657577822075,0.37242264987106555,0.013656892088858064,False,0.7690969110747984,0.01251317800853935,0.9047807190833662,0.9075464243382062,0.9729903536977492,0.7961065573770492,98,24,572,-0.002069884369928279,0.0030762721950740317,0.013962758947867915,0.9632938434647504,0.9805742036851879
0.75,0.6,1555,976,0.8928377523588634,0.7720072742607138,0.3587657577822075,0.3593394089315999,0.0005736511493923957,False,0.3587657577822075,0.3587657577822075,0.0,False,0.7594940962521743,0.01251317800853946,0.9012248123271435,0.9039905175819835,0.9736334405144694,0.7858606557377049,114,38,556,-0.007750602678671937,0.00303065069150335,0.014910916662274065,0.9484365896290542,0.9729024779017533
0.75,0.7,1555,976,0.8543457777660639,0.7389805492593959,0.3587657577822075,0.3593394089315999,0.0005736511493923957,False,0.3587657577822075,0.37242264987106555,0.013656892088858064,False,0.7278734647620052,0.011107084497390729,0.889766890557092,0.8921374950612406,0.9768488745980708,0.7510245901639344,171,78,528,-0.024478558121904654,0.01288583234775165,0.04043869590427496,0.9109535832200427,0.9572894657410203
1.0,0.0,1555,976,0.9048926651204469,0.7814249380633599,0.37147841246231744,0.3714956989682348,1.72865059173688e-05,False,0.3587657577822075,0.37242264987106555,0.013656892088858064,False,0.7689552474830004,0.012469690580359516,0.9039905175819835,0.9043856183326748,0.9697749196141479,0.7991803278688525,109,27,596,0.0,0.0,0.0,1.0,1.0
1.0,0.1,1555,976,0.9048926651204469,0.7814249380633599,0.37147841246231744,0.3714956989682348,1.72865059173688e-05,False,0.3587657577822075,0.37242264987106555,0.013656892088858064,False,0.7689552474830004,0.012469690580359516,0.9039905175819835,0.9043856183326748,0.9697749196141479,0.7991803278688525,109,27,596,0.0,0.0,0.0,0.9994173625946786,0.9994347088750707
1.0,0.2,1555,976,0.9057581308312688,0.7820680248800801,0.37147841246231744,0.3714956989682348,1.72865059173688e-05,False,0.3587657577822075,0.37242264987106555,0.013656892088858064,False,0.7695983342997206,0.012469690580359516,0.9043856183326748,0.9047807190833662,0.9704180064308682,0.7991803278688525,109,27,596,-0.0005666907888236695,0.0021564212500118154,0.009221311475409832,0.9953389007574286,0.9947643979057592
1.0,0.3,1555,976,0.9064285620157082,0.7833541985135206,0.37147841246231744,0.3714956989682348,1.72865059173688e-05,False,0.3587657577822075,0.37242264987106555,0.013656892088858064,False,0.7698599177692267,0.01349428074429393,0.9047807190833662,0.9055709205847491,0.9717041800643087,0.798155737704918,109,27,592,-0.0003402641270238169,0.0025392251528600315,0.01127049180327877,0.992231501262381,0.9917847025495751
1.0,0.4,1555,976,0.9066216198408095,0.7839972853302409,0.37147841246231744,0.3714956989682348,1.72865059173688e-05,False,0.3587657577822075,0.37242264987106555,0.013656892088858064,False,0.7705030045859469,0.01349428074429404,0.9051758198340577,0.9059660213354406,0.9723472668810289,0.798155737704918,109,27,587,-0.0001015103984420547,0.00286486586316918,0.012938168783933501,0.9880559331909109,0.9890640534015055
1.0,0.5,1555,976,0.9040687101365241,0.7816100890833377,0.3587657577822075,0.3593394089315999,0.0005736511493923957,False,0.3587657577822075,0.37242264987106555,0.013656892088858064,False,0.7690969110747984,0.01251317800853935,0.9047807190833662,0.9075464243382062,0.9729903536977492,0.7961065573770492,112,29,572,-0.0012897760639155858,0.0029209592834200443,0.012818248906225516,0.979122159642649,0.9842789767043019
1.0,0.6,1555,976,0.8919897475093563,0.7720072742607138,0.3587657577822075,0.3593394089315999,0.0005736511493923957,False,0.3587657577822075,0.3587657577822075,0.0,False,0.7594940962521743,0.01251317800853946,0.9012248123271435,0.9039905175819835,0.9736334405144694,0.7858606557377049,127,43,556,-0.007067329558021509,0.0032444709286666715,0.014464182172790219,0.9626140998252087,0.9773552039483234
1.0,0.7,1555,976,0.8536196694955458,0.7389805492593959,0.3587657577822075,0.3593394089315999,0.0005736511493923957,False,0.3587657577822075,0.37242264987106555,0.013656892088858064,False,0.7278734647620052,0.011107084497390729,0.889766890557092,0.8921374950612406,0.9768488745980708,0.7510245901639344,183,86,528,-0.02467417208333587,0.012695976325550983,0.04043869590427496,0.9230918624975724,0.9627272727272728
1.25,0.0,1555,976,0.905065626482526,0.7820680248800801,0.37147841246231744,0.3714956989682348,1.72865059173688e-05,False,0.3587657577822075,0.37242264987106555,0.013656892088858064,False,0.7695983342997206,0.012469690580359516,0.9043856183326748,0.9047807190833662,0.9704180064308682,0.7991803278688525,123,32,596,0.0015930490574214186,0.0022369324145260984,0.008360128617363467,0.9835890464167799,0.9943868739205527
1.25,0.1,1555,976,0.905065626482526,0.7820680248800801,0.37147841246231744,0.3714956989682348,1.72865059173688e-05,False,0.3587657577822075,0.37242264987106555,0.013656892088858064,False,0.7695983342997206,0.012469690580359516,0.9043856183326748,0.9047807190833662,0.9704180064308682,0.7991803278688525,123,32,596,0.0015930490574214186,0.0022369324145260984,0.008360128617363467,0.9832006214798991,0.9940973221998273
1.25,0.2,1555,976,0.9054263744662907,0.7820680248800801,0.37147841246231744,0.3714956989682348,1.72865059173688e-05,False,0.3587657577822075,0.37242264987106555,0.013656892088858064,False,0.7695983342997206,0.012469690580359516,0.9043856183326748,0.9047807190833662,0.9704180064308682,0.7991803278688525,123,32,596,0.0011175050573091069,0.003249472799827158,0.01386458278424963,0.9801903282190717,0.9907754396079562
1.25,0.3,1555,976,0.9060961467503031,0.7833541985135206,0.37147841246231744,0.3714956989682348,1.72865059173688e-05,False,0.3587657577822075,0.37242264987106555,0.013656892088858064,False,0.7698599177692267,0.01349428074429393,0.9047807190833662,0.9055709205847491,0.9717041800643087,0.798155737704918,123,32,592,0.0013439317191089625,0.003470088248792276,0.015270676295398251,0.9771800349582443,0.988023088023088
1.25,0.4,1555,976,0.9062885456749775,0.7839972853302409,0.37147841246231744,0.3714956989682348,1.72865059173688e-05,False,0.3587657577822075,0.37242264987106555,0.013656892088858064,False,0.7705030045859469,0.01349428074429404,0.9051758198340577,0.9059660213354406,0.9723472668810289,0.798155737704918,123,32,587,0.0015826854476907247,0.0036662608362839897,0.016295266459332776,0.9733928918236551,0.9856770833333334
1.25,0.5,1555,976,0.903666780876074,0.7816100890833377,0.3587657577822075,0.3593394089315999,0.0005736511493923957,False,0.3587657577822075,0.37242264987106555,0.013656892088858064,False,0.7690969110747984,0.01251317800853935,0.9047807190833662,0.9075464243382062,0.9729903536977492,0.7961065573770492,125,34,572,2.6018289221669296e-05,0.0037518197119649796,0.01655684992883886,0.9654301806175957,0.981379109688682
1.25,0.6,1555,976,0.8914748168256813,0.7720072742607138,0.3587657577822075,0.3593394089315999,0.0005736511493923957,False,0.3587657577822075,0.3587657577822075,0.0,False,0.7594940962521743,0.01251317800853946,0.9012248123271435,0.9039905175819835,0.9736334405144694,0.7858606557377049,138,48,556,-0.006446327494305637,0.0038263198705392396,0.0160771704180065,0.9496018644396971,0.9754619364375462
1.25,0.7,1555,976,0.8536078092878604,0.7389805492593959,0.3587657577822075,0.3593394089315999,0.0005736511493923957,False,0.3587657577822075,0.37242264987106555,0.013656892088858064,False,0.7278734647620052,0.011107084497390729,0.889766890557092,0.8921374950612406,0.9768488745980708,0.7510245901639344,194,91,528,-0.023896242453106814,0.013464730563476522,0.04043869590427496,0.9125072829675666,0.9626946200092492
1.5,0.0,1555,976,0.9042205866849402,0.7820680248800801,0.37147841246231744,0.3714956989682348,1.72865059173688e-05,False,0.3587657577822075,0.37242264987106555,0.013656892088858064,False,0.7685737441357863,0.013494280744293818,0.9039905175819835,0.9047807190833662,0.9704180064308682,0.798155737704918,138,37,596,0.0027366286919283567,0.0047048014810987275,0.016197090295714603,0.9695086424548456,0.9906268306971294
1.5,0.1,1555,976,0.9042205866849402,0.7820680248800801,0.37147841246231744,0.3714956989682348,1.72865059173688e-05,False,0.3587657577822075,0.37242264987106555,0.013656892088858064,False,0.7685737441357863,0.013494280744293818,0.9039905175819835,0.9047807190833662,0.9704180064308682,0.798155737704918,138,37,596,0.0027366286919283567,0.0047048014810987275,0.016197090295714603,0.9691202175179646,0.9903310870202168
1.5,0.2,1555,976,0.9045984660798061,0.7820680248800801,0.37147841246231744,0.3714956989682348,1.72865059173688e-05,False,0.3587657577822075,0.37242264987106555,0.013656892088858064,False,0.7685737441357863,0.013494280744293818,0.9039905175819835,0.9047807190833662,0.9704180064308682,0.798155737704918,138,37,596,0.0025751550435748403,0.005007852996573069,0.018627773970797526,0.9670809865993397,0.9879783023017152
1.5,0.3,1555,976,0.905287675926414,0.7833541985135206,0.37147841246231744,0.3714956989682348,1.72865059173688e-05,False,0.3587657577822075,0.37242264987106555,0.013656892088858064,False,0.7698599177692267,0.01349428074429393,0.9047807190833662,0.9055709205847491,0.9717041800643087,0.798155737704918,138,37,592,0.0029714886169819104,0.0049593725029606845,0.020033867481946147,0.9646533307438337,0.9857666911225238
1.5,0.4,1555,976,0.9054794159506615,0.7839972853302409,0.37147841246231744,0.3714956989682348,1.72865059173688e-05,False,0.3587657577822075,0.37242264987106555,0.013656892088858064,False,0.7705030045859469,0.01349428074429404,0.9051758198340577,0.9059660213354406,0.9723472668810289,0.798155737704918,138,37,587,0.0032102423455636713,0.005038923839563465,0.02105845764588067,0.9609632938434648,0.9835221421215242
1.5,0.5,1555,976,0.9027927494597016,0.7816100890833377,0.3587657577822075,0.3593394089315999,0.0005736511493923957,False,0.3587657577822075,0.37242264987106555,0.013656892088858064,False,0.7690969110747984,0.01251317800853935,0.9047807190833662,0.9075464243382062,0.9729903536977492,0.7961065573770492,139,39,572,0.0012819421020552751,0.004959372210681898,0.020437114543250326,0.953680326276947,0.9800295857988166
1.5,0.6,1555,976,0.8915552026777713,0.7720072742607138,0.3587657577822075,0.3593394089315999,0.0005736511493923957,False,0.3587657577822075,0.3587657577822075,0.0,False,0.7594940962521743,0.01251317800853946,0.9012248123271435,0.9039905175819835,0.9736334405144694,0.7858606557377049,152,52,556,-0.00459315514370121,0.005492436478602948,0.020982025196352394,0.9390172849096912,0.9750600961538461
1.5,0.7,1555,976,0.8535485082494333,0.7389805492593959,0.3587657577822075,0.3593394089315999,0.0005736511493923957,False,0.3587657577822075,0.37242264987106555,0.013656892088858064,False,0.7278734647620052,0.011107084497390729,0.889766890557092,0.8921374950612406,0.9768488745980708,0.7510245901639344,206,96,528,-0.023276389326316357,0.014114902200070627,0.04043869590427496,0.9033792969508643,0.9638044500156691
2.0,0.0,1555,976,0.902874782562859,0.7820680248800801,0.37147841246231744,0.3714956989682348,1.72865059173688e-05,False,0.3587657577822075,0.37242264987106555,0.013656892088858064,False,0.7685737441357863,0.013494280744293818,0.9039905175819835,0.9047807190833662,0.9704180064308682,0.798155737704918,171,44,596,0.006483275584077153,0.009459063512231984,0.031031574508460356,0.947951058457953,0.9867269984917044
2.0,0.1,1555,976,0.902874782562859,0.7820680248800801,0.37147841246231744,0.3714956989682348,1.72865059173688e-05,False,0.3587657577822075,0.37242264987106555,0.013656892088858064,False,0.7685737441357863,0.013494280744293818,0.9039905175819835,0.9047807190833662,0.9704180064308682,0.798155737704918,171,44,596,0.006483275584077153,0.009459063512231984,0.031031574508460356,0.947951058457953,0.9867269984917044
2.0,0.2,1555,976,0.9032579331611407,0.7820680248800801,0.37147841246231744,0.3714956989682348,1.72865059173688e-05,False,0.3587657577822075,0.37242264987106555,0.013656892088858064,False,0.7685737441357863,0.013494280744293818,0.9039905175819835,0.9047807190833662,0.9704180064308682,0.798155737704918,171,44,596,0.006424775821546195,0.009549431530901096,0.032437668019608866,0.9464944649446494,0.9852075471698113
2.0,0.3,1555,976,0.9039451663064677,0.7833541985135206,0.37147841246231744,0.3714956989682348,1.72865059173688e-05,False,0.3587657577822075,0.37242264987106555,0.013656892088858064,False,0.7698599177692267,0.01349428074429393,0.9047807190833662,0.9055709205847491,0.9717041800643087,0.798155737704918,171,44,592,0.006821109394953262,0.009391678546687635,0.03384376153075749,0.944261021557584,0.9832300951805408
2.0,0.4,1555,976,0.9041349296294345,0.7839972853302409,0.37147841246231744,0.3714956989682348,1.72865059173688e-05,False,0.3587657577822075,0.37242264987106555,0.013656892088858064,False,0.7705030045859469,0.01349428074429404,0.9051758198340577,0.9059660213354406,0.9723472668810289,0.798155737704918,171,44,587,0.007059863123535026,0.009369809122287935,0.03486835169469201,0.9406680908914352,0.9812121212121212
2.0,0.5,1555,976,0.9014835143113172,0.7816100890833377,0.3587657577822075,0.3593394089315999,0.0005736511493923957,False,0.3587657577822075,0.37242264987106555,0.013656892088858064,False,0.7690969110747984,0.01251317800853935,0.9047807190833662,0.9075464243382062,0.9729903536977492,0.7961065573770492,172,46,572,0.005131562880026624,0.009388426141116677,0.03448684834747783,0.9340648669644591,0.9782211392019494
2.0,0.6,1555,976,0.8907994438880396,0.7720072742607138,0.3587657577822075,0.3593394089315999,0.0005736511493923957,False,0.3587657577822075,0.3587657577822075,0.0,False,0.7594940962521743,0.01251317800853946,0.9012248123271435,0.9039905175819835,0.9736334405144694,0.7858606557377049,183,58,556,-0.0009853508224269265,0.00990732241081185,0.03477017553107382,0.9211497378131676,0.9738996138996139
2.0,0.7,1555,976,0.8531136339676347,0.7389805492593959,0.3587657577822075,0.3593394089315999,0.0005736511493923957,False,0.3587657577822075,0.37242264987106555,0.013656892088858064,False,0.7278734647620052,0.011107084497390729,0.889766890557092,0.8921374950612406,0.9768488745980708,0.7510245901639344,227,102,528,-0.022287267209485834,0.015405811874766103,0.04612764219071205,0.8888133618178287,0.9647909967845659
2.5,0.0,1555,976,0.9020014100469138,0.7817300089610458,0.3587657577822075,0.3593394089315999,0.0005736511493923957,False,0.3587657577822075,0.37242264987106555,0.013656892088858064,False,0.7692168309525065,0.01251317800853935,0.9043856183326748,0.9071513235875148,0.9710610932475884,0.798155737704918,198,50,596,0.009474064354771597,0.013888146961525375,0.046084154762532324,0.9319285298116139,0.9845607534352323
2.5,0.1,1555,976,0.9020014100469138,0.7817300089610458,0.3587657577822075,0.3593394089315999,0.0005736511493923957,False,0.3587657577822075,0.37242264987106555,0.013656892088858064,False,0.7692168309525065,0.01251317800853935,0.9043856183326748,0.9071513235875148,0.9710610932475884,0.798155737704918,198,50,596,0.009474064354771597,0.013888146961525375,0.046084154762532324,0.9319285298116139,0.9845607534352323
2.5,0.2,1555,976,0.9023947736018133,0.7817300089610458,0.3587657577822075,0.3593394089315999,0.0005736511493923957,False,0.3587657577822075,0.37242264987106555,0.013656892088858064,False,0.7692168309525065,0.01251317800853935,0.9043856183326748,0.9071513235875148,0.9710610932475884,0.798155737704918,198,50,596,0.009621512363885743,0.013745197513883168,0.04544106794581201,0.9309574674694115,0.9834723509422305
2.5,0.3,1555,976,0.9028599573032523,0.782373095777766,0.3587657577822075,0.3593394089315999,0.0005736511493923957,False,0.3587657577822075,0.37242264987106555,0.013656892088858064,False,0.7698599177692267,0.01251317800853935,0.9047807190833662,0.9075464243382062,0.9717041800643087,0.798155737704918,198,50,592,0.009859279397355768,0.013633666020367712,0.045822571293026214,0.9293066614876675,0.9823747680890538
2.5,0.4,1555,976,0.9030780533445786,0.7830161825944864,0.3587657577822075,0.3593394089315999,0.0005736511493923957,False,0.3587657577822075,0.37242264987106555,0.013656892088858064,False,0.7705030045859469,0.01251317800853946,0.9051758198340577,0.9079415250888977,0.9723472668810289,0.798155737704918,199,50,587,0.010317781384917313,0.013839784845420368,0.04749024827368097,0.9259079432899592,0.9810735339745579
2.5,0.5,1555,976,0.9013701834378789,0.7816100890833377,0.3587657577822075,0.3593394089315999,0.0005736511493923957,False,0.3587657577822075,0.37242264987106555,0.013656892088858064,False,0.7690969110747984,0.01251317800853935,0.9047807190833662,0.9075464243382062,0.9729903536977492,0.7961065573770492,200,51,572,0.009038216622091007,0.014221294463315784,0.04813333509040122,0.9198873567683046,0.9783354114713217
2.5,0.6,1555,976,0.8905325892151178,0.7720072742607138,0.3587657577822075,0.3593394089315999,0.0005736511493923957,False,0.3587657577822075,0.3587657577822075,0.0,False,0.7594940962521743,0.01251317800853946,0.9012248123271435,0.9039905175819835,0.9736334405144694,0.7858606557377049,210,64,556,0.0023118432020945057,0.01408004402331193,0.046748985293342545,0.9081375024276559,0.9747315224257739
2.5,0.7,1555,976,0.853371264034579,0.7389805492593959,0.3587657577822075,0.3593394089315999,0.0005736511493923957,False,0.3587657577822075,0.37242264987106555,0.013656892088858064,False,0.7278734647620052,0.011107084497390729,0.889766890557092,0.8921374950612406,0.9768488745980708,0.7510245901639344,254,108,528,-0.019306110304831838,0.019024545825710067,0.05810645195298076,0.8775490386482813,0.966814522753409
3.0,0.0,1555,976,0.903809103368299,0.782373095777766,0.3587657577822075,0.3593394089315999,0.0005736511493923957,False,0.3587657577822075,0.37242264987106555,0.013656892088858064,False,0.7698599177692267,0.01251317800853935,0.9047807190833662,0.9075464243382062,0.9717041800643087,0.798155737704918,255,55,596,0.0197351803029697,0.025672867027272225,0.07697406567919454,0.9126043892017868,0.9837579617834394
3.0,0.1,1555,976,0.903809103368299,0.782373095777766,0.3587657577822075,0.3593394089315999,0.0005736511493923957,False,0.3587657577822075,0.37242264987106555,0.013656892088858064,False,0.7698599177692267,0.01251317800853935,0.9047807190833662,0.9075464243382062,0.9717041800643087,0.798155737704918,255,55,596,0.0197351803029697,0.025672867027272225,0.07697406567919454,0.9126043892017868,0.9837579617834394
3.0,0.2,1555,976,0.903809103368299,0.782373095777766,0.3587657577822075,0.3593394089315999,0.0005736511493923957,False,0.3587657577822075,0.37242264987106555,0.013656892088858064,False,0.7698599177692267,0.01251317800853935,0.9047807190833662,0.9075464243382062,0.9717041800643087,0.798155737704918,255,55,596,0.019714585525805187,0.02568924908826592,0.07697406567919454,0.9118275393280248,0.9832669322709163
3.0,0.3,1555,976,0.904304925939592,0.7830161825944864,0.3587657577822075,0.3593394089315999,0.0005736511493923957,False,0.3587657577822075,0.37242264987106555,0.013656892088858064,False,0.7705030045859469,0.01251317800853946,0.9051758198340577,0.9079415250888977,0.9723472668810289,0.798155737704918,256,55,592,0.020181795594386466,0.02584784087296972,0.07799865584312901,0.9104680520489415,0.9826128569149785
3.0,0.4,1555,976,0.9043022903378842,0.7830161825944864,0.3587657577822075,0.3593394089315999,0.0005736511493923957,False,0.3587657577822075,0.37242264987106555,0.013656892088858064,False,0.7705030045859469,0.01251317800853946,0.9051758198340577,0.9079415250888977,0.9723472668810289,0.798155737704918,256,55,587,0.020120011262892933,0.025912540681539194,0.07902324600706354,0.9074577587881142,0.98144
3.0,0.5,1555,976,0.9025562042064202,0.7816100890833377,0.3587657577822075,0.3593394089315999,0.0005736511493923957,False,0.3587657577822075,0.37242264987106555,0.013656892088858064,False,0.7690969110747984,0.01251317800853935,0.9047807190833662,0.9075464243382062,0.9729903536977492,0.7961065573770492,256,56,572,0.018455887046852006,0.02608618894195355,0.07902324600706351,0.9018255972033404,0.9789456766313083
3.0,0.6,1555,976,0.89178581782721,0.7720072742607138,0.3587657577822075,0.3593394089315999,0.0005736511493923957,False,0.3587657577822075,0.3587657577822075,0.0,False,0.7594940962521743,0.01251317800853946,0.9012248123271435,0.9039905175819835,0.9736334405144694,0.7858606557377049,264,69,556,0.01099917382495208,0.0254943363101214,0.07635272257656431,0.891823655078656,0.9757841703234195
3.0,0.7,1555,976,0.8549611907648516,0.7389805492593959,0.3587657577822075,0.3593394089315999,0.0005736511493923957,False,0.3587657577822075,0.37242264987106555,0.013656892088858064,False,0.7278734647620052,0.011107084497390729,0.889766890557092,0.8921374950612406,0.9768488745980708,0.7510245901639344,303,114,528,-0.012224827950834235,0.028203790714098436,0.0834701649886668,0.8631773159836862,0.9689241682148286
4.0,0.0,1555,976,0.9034042090559274,0.7830161825944864,0.3587657577822075,0.3593394089315999,0.0005736511493923957,False,0.3587657577822075,0.37242264987106555,0.013656892088858064,False,0.7705030045859469,0.01251317800853946,0.9051758198340577,0.9079415250888977,0.9723472668810289,0.798155737704918,363,66,596,0.03782131825645544,0.049245398194710605,0.13618154024563803,0.8817246067197514,0.9817389847545652
4.0,0.1,1555,976,0.9034042090559274,0.7830161825944864,0.3587657577822075,0.3593394089315999,0.0005736511493923957,False,0.3587657577822075,0.37242264987106555,0.013656892088858064,False,0.7705030045859469,0.01251317800853946,0.9051758198340577,0.9079415250888977,0.9723472668810289,0.798155737704918,363,66,596,0.03782131825645544,0.049245398194710605,0.13618154024563803,0.8817246067197514,0.9817389847545652
4.0,0.2,1555,976,0.9034042090559274,0.7830161825944864,0.3587657577822075,0.3593394089315999,0.0005736511493923957,False,0.3587657577822075,0.37242264987106555,0.013656892088858064,False,0.7705030045859469,0.01251317800853946,0.9051758198340577,0.9079415250888977,0.9723472668810289,0.798155737704918,363,66,596,0.03782131825645544,0.049245398194710605,0.13618154024563803,0.8813361817828704,0.9817267393126572
4.0,0.3,1555,976,0.903899702177007,0.7836592694112066,0.3587657577822075,0.3593394089315999,0.0005736511493923957,False,0.3587657577822075,0.37242264987106555,0.013656892088858064,False,0.7711460914026673,0.012513178008539239,0.9055709205847491,0.9083366258395891,0.9729903536977492,0.798155737704918,364,66,592,0.03834516396223913,0.049339597190721826,0.13618154024563808,0.8802680132064479,0.9815405269340494
4.0,0.4,1555,976,0.9038970665752991,0.7836592694112066,0.3587657577822075,0.3593394089315999,0.0005736511493923957,False,0.3587657577822075,0.37242264987106555,0.013656892088858064,False,0.7711460914026673,0.012513178008539239,0.9055709205847491,0.9083366258395891,0.9729903536977492,0.798155737704918,364,66,587,0.038283379630745594,0.049396246424858056,0.1372061304095726,0.8780345698193824,0.9808242220353238
4.0,0.5,1555,976,0.9022221416899479,0.7816100890833377,0.3587657577822075,0.3593394089315999,0.0005736511493923957,False,0.3587657577822075,0.37242264987106555,0.013656892088858064,False,0.7690969110747984,0.01251317800853935,0.9047807190833662,0.9075464243382062,0.9729903536977492,0.7961065573770492,364,67,572,0.03657401312609117,0.04961294589973765,0.1372061304095726,0.8731792581083706,0.9787234042553191
4.0,0.6,1555,976,0.8916085736123557,0.7720072742607138,0.3587657577822075,0.3593394089315999,0.0005736511493923957,False,0.3587657577822075,0.3587657577822075,0.0,False,0.7594940962521743,0.01251317800853946,0.9012248123271435,0.9039905175819835,0.9736334405144694,0.7858606557377049,368,80,556,0.027714788957173202,0.04813145820899181,0.1319632597121924,0.8641483783258885,0.9764384497182859
4.0,0.7,1555,976,0.8579756602182278,0.7389805492593959,0.3587657577822075,0.3593394089315999,0.0005736511493923957,False,0.3587657577822075,0.37242264987106555,0.013656892088858064,False,0.7278734647620052,0.011107084497390729,0.889766890557092,0.8921374950612406,0.9768488745980708,0.7510245901639344,396,121,528,0.0032200265202455367,0.04907519967200759,0.13610510779610976,0.838512332491746,0.9706142680120375
5.0,0.0,1555,976,0.9038199752253439,0.7836592694112066,0.3587657577822075,0.3593394089315999,0.0005736511493923957,False,0.3587657577822075,0.3587657577822075,0.0,False,0.7711460914026673,0.012513178008539239,0.9055709205847491,0.9083366258395891,0.9729903536977492,0.798155737704918,510,76,596,0.06505674556430883,0.08425749907371304,0.2198263138474514,0.8470576811031268,0.9816268283981449
5.0,0.1,1555,976,0.9038199752253439,0.7836592694112066,0.3587657577822075,0.3593394089315999,0.0005736511493923957,False,0.3587657577822075,0.3587657577822075,0.0,False,0.7711460914026673,0.012513178008539239,0.9055709205847491,0.9083366258395891,0.9729903536977492,0.798155737704918,510,76,596,0.06505674556430883,0.08425749907371304,0.2198263138474514,0.8470576811031268,0.9816268283981449
5.0,0.2,1555,976,0.9038199752253439,0.7836592694112066,0.3587657577822075,0.3593394089315999,0.0005736511493923957,False,0.3587657577822075,0.3587657577822075,0.0,False,0.7711460914026673,0.012513178008539239,0.9055709205847491,0.9083366258395891,0.9729903536977492,0.798155737704918,510,76,596,0.06505674556430883,0.08425749907371304,0.2198263138474514,0.8467663624004661,0.9816169908977334
5.0,0.3,1555,976,0.9038173396236361,0.7836592694112066,0.3587657577822075,0.3593394089315999,0.0005736511493923957,False,0.3587657577822075,0.3587657577822075,0.0,False,0.7711460914026673,0.012513178008539239,0.9055709205847491,0.9083366258395891,0.9729903536977492,0.798155737704918,510,76,592,0.06497951514994191,0.08431777581779225,0.2198263138474514,0.8460866187609245,0.9816071428571429
5.0,0.4,1555,976,0.9038147040219281,0.7836592694112066,0.3587657577822075,0.3593394089315999,0.0005736511493923957,False,0.3587657577822075,0.3587657577822075,0.0,False,0.7711460914026673,0.012513178008539239,0.9055709205847491,0.9083366258395891,0.9729903536977492,0.798155737704918,510,76,587,0.06491773081844837,0.08437044387667925,0.22085090401138593,0.8441444940765197,0.9812063719348487
5.0,0.5,1555,976,0.9021107875177903,0.7816100890833377,0.3587657577822075,0.3593394089315999,0.0005736511493923957,False,0.3587657577822075,0.3587657577822075,0.0,False,0.7690969110747984,0.01251317800853935,0.9047807190833662,0.9075464243382062,0.9729903536977492,0.7961065573770492,510,78,572,0.06300756523643997,0.08425749907371302,0.21982631384745147,0.8402602447077102,0.979536887452881
5.0,0.6,1555,976,0.89348709872964,0.7720072742607138,0.3587657577822075,0.3593394089315999,0.0005736511493923957,False,0.3587657577822075,0.3587657577822075,0.0,False,0.7594940962521743,0.01251317800853946,0.9012248123271435,0.9039905175819835,0.9736334405144694,0.7858606557377049,512,89,556,0.054624000954644064,0.08301295518547372,0.21534644984449958,0.8322975335016508,0.9773386511965192
5.0,0.7,1555,976,0.8614793632386273,0.7389805492593959,0.3587657577822075,0.3593394089315999,0.0005736511493923957,False,0.3587657577822075,0.37242264987106555,0.013656892088858064,False,0.7278734647620052,0.011107084497390729,0.889766890557092,0.8921374950612406,0.9768488745980708,0.7510245901639344,535,131,528,0.02826164982309683,0.08194997344421862,0.21524827368088126,0.8095746746941154,0.9735260983852798
6.0,0.0,1555,976,0.901112882821148,0.7836592694112066,0.3587657577822075,0.3593394089315999,0.0005736511493923957,False,0.3587657577822075,0.3587657577822075,0.0,False,0.7711460914026673,0.012513178008539239,0.9055709205847491,0.9083366258395891,0.9729903536977492,0.798155737704918,682,95,595,0.09763526596664737,0.12423774097298877,0.3109700332085815,0.8109341619731987,0.9810743643662779
6.0,0.1,1555,976,0.901112882821148,0.7836592694112066,0.3587657577822075,0.3593394089315999,0.0005736511493923957,False,0.3587657577822075,0.3587657577822075,0.0,False,0.7711460914026673,0.012513178008539239,0.9055709205847491,0.9083366258395891,0.9729903536977492,0.798155737704918,682,95,595,0.09763526596664737,0.12423774097298877,0.3109700332085815,0.8109341619731987,0.9810743643662779
6.0,0.2,1555,976,0.901112882821148,0.7836592694112066,0.3587657577822075,0.3593394089315999,0.0005736511493923957,False,0.3587657577822075,0.3587657577822075,0.0,False,0.7711460914026673,0.012513178008539239,0.9055709205847491,0.9083366258395891,0.9729903536977492,0.798155737704918,682,95,595,0.09763526596664737,0.12423774097298877,0.3109700332085815,0.8107399495047583,0.9810671256454389
6.0,0.3,1555,976,0.9011102472194402,0.7836592694112066,0.3587657577822075,0.3593394089315999,0.0005736511493923957,False,0.3587657577822075,0.3587657577822075,0.0,False,0.7711460914026673,0.012513178008539239,0.9055709205847491,0.9083366258395891,0.9729903536977492,0.798155737704918,682,95,592,0.09755803555228046,0.12429887190169686,0.3109700332085815,0.8101573120994368,0.9810562571756601
6.0,0.4,1555,976,0.9011076116177322,0.7836592694112066,0.3587657577822075,0.3593394089315999,0.0005736511493923957,False,0.3587657577822075,0.3587657577822075,0.0,False,0.7711460914026673,0.012513178008539239,0.9055709205847491,0.9083366258395891,0.9729903536977492,0.798155737704918,682,95,587,0.09749625122078692,0.12435079300644232,0.31199462337251604,0.8085065061176927,0.9806365030674846
6.0,0.5,1555,976,0.8995170259870328,0.7816100890833377,0.3587657577822075,0.3593394089315999,0.0005736511493923957,False,0.3587657577822075,0.3587657577822075,0.0,False,0.7690969110747984,0.01251317800853935,0.9047807190833662,0.9075464243382062,0.9729903536977492,0.7961065573770492,682,97,572,0.0955860856387785,0.12423774097298877,0.31097003320858163,0.8048164692173237,0.9788542868127643
6.0,0.6,1555,976,0.8921811580833904,0.7720072742607138,0.3587657577822075,0.3593394089315999,0.0005736511493923957,False,0.3587657577822075,0.3587657577822075,0.0,False,0.7594940962521743,0.01251317800853946,0.9012248123271435,0.9039905175819835,0.9736334405144694,0.7858606557377049,683,107,556,0.08745579738341702,0.12307399118408838,0.3068716725528438,0.7979219265876869,0.9774888414515817
6.0,0.7,1555,976,0.8647323546465658,0.7389805492593959,0.3587657577822075,0.3593394089315999,0.0005736511493923957,False,0.3587657577822075,0.37242264987106555,0.013656892088858064,False,0.7278734647620052,0.011107084497390729,0.889766890557092,0.8921374950612406,0.9768488745980708,0.7510245901639344,700,145,528,0.06132324357012517,0.12185458546052144,0.3070133361446417,0.7785006797436396,0.9747545582047685
8.0,0.0,1555,976,0.898228546202098,0.7787979020610405,0.3587657577822075,0.3593394089315999,0.0005736511493923957,False,0.3587657577822075,0.3587657577822075,0.0,False,0.768072320910864,0.010725581150176522,0.9043856183326748,0.9067562228368234,0.9729903536977492,0.7950819672131147,1017,129,593,0.17088720975601746,0.20445322386375778,0.4925926414000317,0.7462614099825209,0.983274647887324
8.0,0.1,1555,976,0.898228546202098,0.7787979020610405,0.3587657577822075,0.3593394089315999,0.0005736511493923957,False,0.3587657577822075,0.3587657577822075,0.0,False,0.768072320910864,0.010725581150176522,0.9043856183326748,0.9067562228368234,0.9729903536977492,0.7950819672131147,1017,129,593,0.17088720975601746,0.20445322386375778,0.4925926414000317,0.7462614099825209,0.983274647887324
8.0,0.2,1555,976,0.898228546202098,0.7787979020610405,0.3587657577822075,0.3593394089315999,0.0005736511493923957,False,0.3587657577822075,0.3587657577822075,0.0,False,0.768072320910864,0.010725581150176522,0.9043856183326748,0.9067562228368234,0.9729903536977492,0.7950819672131147,1017,129,593,0.17088720975601746,0.20445322386375778,0.4925926414000317,0.7462614099825209,0.983274647887324
8.0,0.3,1555,976,0.898228546202098,0.7787979020610405,0.3587657577822075,0.3593394089315999,0.0005736511493923957,False,0.3587657577822075,0.3587657577822075,0.0,False,0.768072320910864,0.010725581150176522,0.9043856183326748,0.9067562228368234,0.9729903536977492,0.7950819672131147,1017,129,591,0.17088720975601746,0.20445322386375778,0.4925926414000317,0.7459700912798601,0.9832709663218138
8.0,0.4,1555,976,0.898228546202098,0.7787979020610405,0.3587657577822075,0.3593394089315999,0.0005736511493923957,False,0.3587657577822075,0.3587657577822075,0.0,False,0.768072320910864,0.010725581150176522,0.9043856183326748,0.9067562228368234,0.9729903536977492,0.7950819672131147,1017,129,587,0.17088720975601746,0.20445322386375778,0.4925926414000317,0.7449019227034376,0.9830284328851664
8.0,0.5,1555,976,0.8975409836065574,0.7777733118971061,0.3587657577822075,0.3593394089315999,0.0005736511493923957,False,0.3587657577822075,0.3587657577822075,0.0,False,0.7670477307469296,0.010725581150176522,0.9039905175819835,0.906361122086132,0.9729903536977492,0.7940573770491803,1017,130,572,0.16986261959208296,0.20445322386375778,0.4925926414000317,0.7420858419110506,0.9818904593639576
8.0,0.6,1555,976,0.8919706393969743,0.7691950872384166,0.3587657577822075,0.3593394089315999,0.0005736511493923957,False,0.3587657577822075,0.3587657577822075,0.0,False,0.7584695060882399,0.010725581150176633,0.900829711576452,0.9032003160806006,0.9736334405144694,0.7848360655737705,1018,139,556,0.16243255376031493,0.20348373693467978,0.4895188709082284,0.7363565740920567,0.9806236080178173
8.0,0.7,1555,976,0.8704437035475199,0.7375744557482473,0.3587657577822075,0.3593394089315999,0.0005736511493923957,False,0.3587657577822075,0.37242264987106555,0.013656892088858064,False,0.7278734647620052,0.009700990986242108,0.889766890557092,0.8917423943105491,0.9768488745980708,0.7510245901639344,1027,174,528,0.13552318283208775,0.20096740115130898,0.49002029413315046,0.7208195766168188,0.9798118834595091
10.0,0.0,1555,976,0.8895600521849139,0.7684320805439883,0.3587657577822075,0.3593394089315999,0.0005736511493923957,False,0.3587657577822075,0.3587657577822075,0.0,False,0.7607802698856149,0.0076518106583733925,0.9020150138285262,0.9032003160806006,0.97491961414791,0.7858606557377049,1279,171,590,0.2282286286474278,0.2609130094405302,0.6245124136840442,0.6831423577393668,0.9837796086508754
10.0,0.1,1555,976,0.8895600521849139,0.7684320805439883,0.3587657577822075,0.3593394089315999,0.0005736511493923957,False,0.3587657577822075,0.3587657577822075,0.0,False,0.7607802698856149,0.0076518106583733925,0.9020150138285262,0.9032003160806006,0.97491961414791,0.7858606557377049,1279,171,590,0.2282286286474278,0.2609130094405302,0.6245124136840442,0.6831423577393668,0.9837796086508754
10.0,0.2,1555,976,0.8895600521849139,0.7684320805439883,0.3587657577822075,0.3593394089315999,0.0005736511493923957,False,0.3587657577822075,0.3587657577822075,0.0,False,0.7607802698856149,0.0076518106583733925,0.9020150138285262,0.9032003160806006,0.97491961414791,0.7858606557377049,1279,171,590,0.2282286286474278,0.2609130094405302,0.6245124136840442,0.6831423577393668,0.9837796086508754
10.0,0.3,1555,976,0.8895600521849139,0.7684320805439883,0.3587657577822075,0.3593394089315999,0.0005736511493923957,False,0.3587657577822075,0.3587657577822075,0.0,False,0.7607802698856149,0.0076518106583733925,0.9020150138285262,0.9032003160806006,0.97491961414791,0.7858606557377049,1279,171,589,0.2282286286474278,0.2609130094405302,0.6245124136840442,0.6830452515051466,0.9837796086508754
10.0,0.4,1555,976,0.8895600521849139,0.7684320805439883,0.3587657577822075,0.3593394089315999,0.0005736511493923957,False,0.3587657577822075,0.3587657577822075,0.0,False,0.7607802698856149,0.0076518106583733925,0.9020150138285262,0.9032003160806006,0.97491961414791,0.7858606557377049,1279,171,587,0.2282286286474278,0.2609130094405302,0.6245124136840442,0.6825597203340454,0.9837670703426952
10.0,0.5,1555,976,0.8889588055453059,0.7674074903800538,0.3587657577822075,0.3593394089315999,0.0005736511493923957,False,0.3587657577822075,0.3587657577822075,0.0,False,0.7597556797216805,0.0076518106583733925,0.9016199130778348,0.9028052153299091,0.97491961414791,0.7848360655737705,1279,172,572,0.22720403848349321,0.2609130094405301,0.6245124136840441,0.6804233831812002,0.9832301341589267
10.0,0.6,1555,976,0.8847425017131411,0.7598538558852986,0.3587657577822075,0.3593394089315999,0.0005736511493923957,False,0.3587657577822075,0.3587657577822075,0.0,False,0.7522020452269254,0.0076518106583732814,0.8988542078229949,0.9000395100750691,0.9755627009646303,0.7766393442622951,1280,180,556,0.22050508724106524,0.260158533538072,0.6245124136840441,0.6756651777044086,0.9825747724317295
10.0,0.7,1555,976,0.8690432106900006,0.732070001581361,0.3587657577822075,0.3593394089315999,0.0005736511493923957,False,0.3587657577822075,0.3587657577822075,0.0,False,0.7233936007590533,0.008676400822307695,0.8881864875543264,0.889766890557092,0.977491961414791,0.7459016393442623,1283,209,528,0.1953934052742231,0.25789918716638166,0.6245124136840441,0.663526898426879,0.9821237993596584
