img_name,label,cell_size,cell_shape,nucleus_shape,nuclear_cytoplasmic_ratio,chromatin_density,cytoplasm_vacuole,cytoplasm_texture,cytoplasm_colour,granule_type,granule_colour,granularity,path,split,prefix,kelompok,r_lobus,r_pisah,bridge_ratio,n_lobus,status_topologi,luas_nukleus,komponen_mentah,komponen_akhir,n_lobus_kal,tau_br,rho_br,tau_lobus,rho_lobus,pred_band
SNE_10429_ccrop.jpg,Neutrophil,big,irregular,segmented-multilobed,low,densely,no,clear,light blue,small,pink,yes,SNE_10429_ccrop.jpg,train,SNE,B_sepakat_segmented,23.08679276123039,7.8102498054504395,0.3382994721798767,4,normal,5618,1,1,2,0.75,0.2,3.0,0.4,True
SNE_106989_ccrop.jpg,Neutrophil,big,irregular,segmented-multilobed,low,densely,no,clear,light blue,small,pink,yes,SNE_106989_ccrop.jpg,train,SNE,B_sepakat_segmented,25.059928172283335,16.6433162689209,0.6641406214136185,3,normal,6471,1,1,2,0.75,0.2,3.0,0.4,True
SNE_110435_ccrop.jpg,Neutrophil,big,round,segmented-multilobed,low,densely,no,clear,light blue,small,pink,yes,SNE_110435_ccrop.jpg,train,SNE,B_sepakat_segmented,19.4164878389476,7.0,0.3605183418372233,4,normal,5180,1,1,2,0.75,0.2,3.0,0.4,True
SNE_115658_ccrop.jpg,Neutrophil,big,round,segmented-bilobed,low,densely,no,clear,light blue,small,pink,yes,SNE_115658_ccrop.jpg,train,SNE,B_sepakat_segmented,27.0,11.0,0.4074074074074074,2,normal,5703,1,1,2,0.75,0.2,3.0,0.4,True
SNE_146353_ccrop.jpg,Neutrophil,big,round,segmented-bilobed,low,densely,no,clear,light blue,small,pink,yes,SNE_146353_ccrop.jpg,train,SNE,B_sepakat_segmented,20.591260281974,9.219544410705566,0.44774065717466255,3,normal,5290,1,1,3,0.75,0.2,3.0,0.4,True
SNE_157991_ccrop.jpg,Neutrophil,big,round,segmented-bilobed,low,densely,no,clear,light blue,small,pink,yes,SNE_157991_ccrop.jpg,train,SNE,B_sepakat_segmented,27.459060435491963,18.0,0.6555213366563067,2,normal,6535,1,1,2,0.75,0.2,3.0,0.4,True
SNE_158445_ccrop.jpg,Neutrophil,small,round,segmented-multilobed,low,densely,no,clear,light blue,small,pink,yes,SNE_158445_ccrop.jpg,train,SNE,B_sepakat_segmented,28.071337695236398,10.29563045501709,0.3667666488428238,3,normal,5365,1,1,3,0.75,0.2,3.0,0.4,True
SNE_15997_ccrop.jpg,Neutrophil,big,round,segmented-bilobed,low,densely,no,clear,light blue,small,pink,yes,SNE_15997_ccrop.jpg,train,SNE,B_sepakat_segmented,17.46424919657298,8.485280990600586,0.4858657761403026,6,normal,5466,1,1,2,0.75,0.2,3.0,0.4,True
SNE_168952_ccrop.jpg,Neutrophil,big,round,segmented-bilobed,low,densely,no,clear,light blue,small,pink,yes,SNE_168952_ccrop.jpg,train,SNE,B_sepakat_segmented,20.396078054371138,7.071067810058594,0.34668762255217855,4,normal,6528,1,1,3,0.75,0.2,3.0,0.4,True
SNE_174973_ccrop.jpg,Neutrophil,big,round,segmented-bilobed,low,densely,no,clear,light blue,small,pink,yes,SNE_174973_ccrop.jpg,train,SNE,B_sepakat_segmented,24.0,11.401754379272461,0.47507309913635254,3,normal,5543,1,1,3,0.75,0.2,3.0,0.4,True
SNE_194857_ccrop.jpg,Neutrophil,small,irregular,segmented-bilobed,low,densely,no,clear,light blue,small,pink,yes,SNE_194857_ccrop.jpg,train,SNE,B_sepakat_segmented,17.0,9.05538558959961,0.5326697405646829,4,normal,4787,1,1,3,0.75,0.2,3.0,0.4,True
SNE_209080_ccrop.jpg,Neutrophil,small,round,segmented-bilobed,low,densely,no,clear,light blue,small,pink,yes,SNE_209080_ccrop.jpg,train,SNE,B_sepakat_segmented,26.68332812825267,16.492422103881836,0.6180796497577615,2,normal,4607,1,1,2,0.75,0.2,3.0,0.4,True
SNE_219641_ccrop.jpg,Neutrophil,big,irregular,segmented-bilobed,low,densely,no,clear,light blue,small,pink,yes,SNE_219641_ccrop.jpg,train,SNE,B_sepakat_segmented,27.294688127912362,21.931713104248047,0.8035157977064418,2,normal,6139,1,1,2,0.75,0.2,3.0,0.4,True
SNE_226032_ccrop.jpg,Neutrophil,big,round,segmented-bilobed,low,densely,no,clear,light blue,small,pink,yes,SNE_226032_ccrop.jpg,train,SNE,B_sepakat_segmented,28.178005607210743,17.464248657226562,0.6197829931852049,2,normal,5814,1,1,1,0.75,0.2,3.0,0.4,True
SNE_22896_ccrop.jpg,Neutrophil,big,round,segmented-bilobed,low,densely,no,clear,light blue,small,pink,yes,SNE_22896_ccrop.jpg,train,SNE,B_sepakat_segmented,29.154759474226502,12.041594505310059,0.4130232841040967,2,normal,6541,1,1,2,0.75,0.2,3.0,0.4,True
SNE_235653_ccrop.jpg,Neutrophil,big,irregular,segmented-bilobed,low,densely,no,clear,light blue,small,pink,yes,SNE_235653_ccrop.jpg,train,SNE,B_sepakat_segmented,21.0,7.8102498054504395,0.3719166574024019,5,normal,6044,1,1,3,0.75,0.2,3.0,0.4,True
SNE_238919_ccrop.jpg,Neutrophil,small,round,segmented-bilobed,low,densely,no,clear,light blue,small,pink,yes,SNE_238919_ccrop.jpg,train,SNE,B_sepakat_segmented,32.7566787083184,,1.0,1,tak_pernah_pecah,5416,1,1,1,0.75,0.2,3.0,0.4,True
SNE_246181_ccrop.jpg,Neutrophil,big,irregular,segmented-bilobed,low,densely,no,clear,light blue,small,pink,yes,SNE_246181_ccrop.jpg,train,SNE,B_sepakat_segmented,29.966648127543394,12.649110794067383,0.42210629431194685,2,normal,6508,2,1,2,0.75,0.2,3.0,0.4,True
SNE_247632_ccrop.jpg,Neutrophil,big,round,segmented-multilobed,low,densely,no,clear,light blue,small,pink,yes,SNE_247632_ccrop.jpg,train,SNE,B_sepakat_segmented,31.575306807693888,17.262676239013672,0.5467144418944272,2,normal,6654,1,1,2,0.75,0.2,3.0,0.4,True
SNE_248746_ccrop.jpg,Neutrophil,big,irregular,segmented-bilobed,low,densely,no,clear,light blue,small,pink,yes,SNE_248746_ccrop.jpg,train,SNE,B_sepakat_segmented,19.924858845171276,7.0,0.35131992925994693,4,normal,5451,1,1,2,0.75,0.2,3.0,0.4,True
SNE_251641_ccrop.jpg,Neutrophil,big,round,segmented-multilobed,low,densely,no,clear,light blue,small,pink,yes,SNE_251641_ccrop.jpg,train,SNE,B_sepakat_segmented,25.0,13.601470947265625,0.544058837890625,3,normal,6250,1,1,2,0.75,0.2,3.0,0.4,True
SNE_255562_ccrop.jpg,Neutrophil,big,round,segmented-bilobed,low,densely,no,clear,light blue,small,pink,yes,SNE_255562_ccrop.jpg,train,SNE,B_sepakat_segmented,33.24154027718932,12.806248664855957,0.3852483536583813,2,normal,6407,1,1,2,0.75,0.2,3.0,0.4,True
SNE_273219_ccrop.jpg,Neutrophil,big,round,segmented-multilobed,low,densely,no,clear,light blue,small,pink,yes,SNE_273219_ccrop.jpg,train,SNE,B_sepakat_segmented,27.294688127912362,12.529964447021484,0.459062378302391,2,normal,5087,1,1,1,0.75,0.2,3.0,0.4,True
SNE_280533_ccrop.jpg,Neutrophil,big,round,segmented-multilobed,low,densely,no,clear,light blue,small,pink,yes,SNE_280533_ccrop.jpg,train,SNE,B_sepakat_segmented,26.30589287593181,12.649110794067383,0.4808470426655048,3,normal,5569,1,1,2,0.75,0.2,3.0,0.4,True
SNE_319081_ccrop.jpg,Neutrophil,small,round,segmented-bilobed,low,densely,no,clear,light blue,small,pink,yes,SNE_319081_ccrop.jpg,train,SNE,B_sepakat_segmented,25.495097567963924,11.180339813232422,0.4385290067405418,2,normal,5272,1,1,2,0.75,0.2,3.0,0.4,True
SNE_329838_ccrop.jpg,Neutrophil,big,round,segmented-bilobed,low,densely,no,clear,light blue,small,pink,yes,SNE_329838_ccrop.jpg,train,SNE,B_sepakat_segmented,26.076809620810597,11.401754379272461,0.43723732101695795,2,normal,5283,1,1,2,0.75,0.2,3.0,0.4,True
SNE_330213_ccrop.jpg,Neutrophil,big,round,segmented-bilobed,low,densely,no,clear,light blue,small,pink,yes,SNE_330213_ccrop.jpg,train,SNE,B_sepakat_segmented,23.323807579381203,17.464248657226562,0.7487734838228288,4,normal,5813,1,1,1,0.75,0.2,3.0,0.4,True
SNE_334919_ccrop.jpg,Neutrophil,big,irregular,segmented-bilobed,low,densely,yes,clear,light blue,small,pink,yes,SNE_334919_ccrop.jpg,train,SNE,B_sepakat_segmented,23.345235059857504,13.34166431427002,0.5714941091859563,4,normal,5379,1,1,2,0.75,0.2,3.0,0.4,True
SNE_339035_ccrop.jpg,Neutrophil,big,irregular,segmented-bilobed,low,densely,no,clear,light blue,small,pink,yes,SNE_339035_ccrop.jpg,train,SNE,B_sepakat_segmented,39.81205847478876,,1.0,1,tak_pernah_pecah,8206,1,1,1,0.75,0.2,3.0,0.4,True
SNE_339572_ccrop.jpg,Neutrophil,big,round,segmented-bilobed,low,densely,no,clear,light blue,small,pink,yes,SNE_339572_ccrop.jpg,train,SNE,B_sepakat_segmented,33.54101966249684,,1.0,1,tak_pernah_pecah,6681,1,1,1,0.75,0.2,3.0,0.4,True
SNE_345629_ccrop.jpg,Neutrophil,big,round,segmented-multilobed,low,densely,no,clear,light blue,small,pink,yes,SNE_345629_ccrop.jpg,train,SNE,B_sepakat_segmented,25.298221281347036,12.369317054748535,0.4889401874221378,2,normal,5649,1,1,2,0.75,0.2,3.0,0.4,True
SNE_363446_ccrop.jpg,Neutrophil,big,round,segmented-multilobed,low,densely,no,clear,light blue,small,pink,yes,SNE_363446_ccrop.jpg,train,SNE,B_sepakat_segmented,35.0,,1.0,1,tak_pernah_pecah,6531,1,1,1,0.75,0.2,3.0,0.4,True
SNE_364743_ccrop.jpg,Neutrophil,big,round,segmented-bilobed,low,densely,no,clear,light blue,small,pink,yes,SNE_364743_ccrop.jpg,train,SNE,B_sepakat_segmented,25.80697580112788,14.142135620117188,0.5479966242111605,3,normal,5201,1,1,2,0.75,0.2,3.0,0.4,True
SNE_383824_ccrop.jpg,Neutrophil,big,round,segmented-bilobed,low,densely,no,clear,light blue,small,pink,yes,SNE_383824_ccrop.jpg,train,SNE,B_sepakat_segmented,21.095023109728988,7.8102498054504395,0.37024134862636704,3,normal,5807,1,1,3,0.75,0.2,3.0,0.4,True
SNE_395253_ccrop.jpg,Neutrophil,big,irregular,segmented-multilobed,low,densely,no,clear,light blue,small,pink,yes,SNE_395253_ccrop.jpg,train,SNE,B_sepakat_segmented,24.20743687382041,16.0,0.6609539078176221,4,normal,5992,1,1,2,0.75,0.2,3.0,0.4,True
SNE_399998_ccrop.jpg,Neutrophil,big,round,segmented-bilobed,low,densely,yes,clear,light blue,small,pink,yes,SNE_399998_ccrop.jpg,train,SNE,B_sepakat_segmented,29.120439557122072,10.0,0.3434014098717226,2,normal,6807,1,1,2,0.75,0.2,3.0,0.4,True
SNE_404595_ccrop.jpg,Neutrophil,big,round,segmented-multilobed,low,densely,no,clear,light blue,small,pink,yes,SNE_404595_ccrop.jpg,train,SNE,B_sepakat_segmented,17.46424919657298,6.0,0.34355900058832095,5,normal,5487,1,1,5,0.75,0.2,3.0,0.4,True
SNE_413625_ccrop.jpg,Neutrophil,big,round,segmented-bilobed,low,densely,no,clear,light blue,small,pink,yes,SNE_413625_ccrop.jpg,train,SNE,B_sepakat_segmented,34.828149534535996,,1.0,1,tak_pernah_pecah,5434,1,1,1,0.75,0.2,3.0,0.4,True
SNE_424615_ccrop.jpg,Neutrophil,big,round,segmented-bilobed,low,densely,no,clear,light blue,small,pink,yes,SNE_424615_ccrop.jpg,train,SNE,B_sepakat_segmented,21.02379604162864,7.6157732009887695,0.3622453902192062,4,normal,6118,1,1,4,0.75,0.2,3.0,0.4,True
SNE_426696_ccrop.jpg,Neutrophil,big,round,segmented-bilobed,low,densely,no,clear,light blue,small,pink,yes,SNE_426696_ccrop.jpg,train,SNE,B_sepakat_segmented,23.769728648009426,13.0,0.5469141104851726,3,normal,5655,1,1,3,0.75,0.2,3.0,0.4,True
SNE_432053_ccrop.jpg,Neutrophil,big,irregular,segmented-multilobed,low,densely,no,clear,light blue,small,pink,yes,SNE_432053_ccrop.jpg,train,SNE,B_sepakat_segmented,21.0,12.165525436401367,0.5793107350667318,4,normal,5302,1,1,3,0.75,0.2,3.0,0.4,True
SNE_444255_ccrop.jpg,Neutrophil,big,round,segmented-multilobed,low,densely,no,clear,light blue,small,pink,yes,SNE_444255_ccrop.jpg,train,SNE,B_sepakat_segmented,34.713109915419565,,1.0,1,tak_pernah_pecah,6620,1,1,1,0.75,0.2,3.0,0.4,True
SNE_449792_ccrop.jpg,Neutrophil,big,round,segmented-multilobed,low,densely,no,clear,light blue,small,pink,yes,SNE_449792_ccrop.jpg,train,SNE,B_sepakat_segmented,25.80697580112788,21.3775577545166,0.8283635370240595,2,normal,4815,1,1,2,0.75,0.2,3.0,0.4,True
SNE_467255_ccrop.jpg,Neutrophil,big,round,segmented-bilobed,low,densely,no,clear,light blue,small,pink,yes,SNE_467255_ccrop.jpg,train,SNE,B_sepakat_segmented,23.08679276123039,11.180339813232422,0.4842742744244469,4,normal,6768,1,1,3,0.75,0.2,3.0,0.4,True
SNE_468966_ccrop.jpg,Neutrophil,big,round,segmented-multilobed,low,densely,no,clear,light blue,small,pink,yes,SNE_468966_ccrop.jpg,train,SNE,B_sepakat_segmented,29.068883707497267,17.69180679321289,0.6086166559141013,2,normal,5844,1,1,2,0.75,0.2,3.0,0.4,True
SNE_472584_ccrop.jpg,Neutrophil,small,round,segmented-multilobed,low,densely,no,clear,light blue,small,pink,yes,SNE_472584_ccrop.jpg,train,SNE,B_sepakat_segmented,27.459060435491963,9.219544410705566,0.33575600419266083,2,normal,5541,2,1,2,0.75,0.2,3.0,0.4,True
SNE_4845_ccrop.jpg,Neutrophil,big,round,segmented-bilobed,low,densely,no,clear,light blue,small,pink,yes,SNE_4845_ccrop.jpg,train,SNE,B_sepakat_segmented,25.632011235952593,18.384777069091797,0.7172584663705396,3,normal,5988,1,1,2,0.75,0.2,3.0,0.4,True
SNE_485945_ccrop.jpg,Neutrophil,big,round,segmented-multilobed,low,densely,no,clear,light blue,small,pink,yes,SNE_485945_ccrop.jpg,train,SNE,B_sepakat_segmented,25.079872407968907,14.142135620117188,0.5638838742905107,3,normal,6138,1,1,2,0.75,0.2,3.0,0.4,True
SNE_490067_ccrop.jpg,Neutrophil,small,round,segmented-multilobed,low,densely,yes,clear,light blue,small,pink,yes,SNE_490067_ccrop.jpg,train,SNE,B_sepakat_segmented,23.259406699226016,11.313708305358887,0.4864143119237587,3,normal,5358,1,1,3,0.75,0.2,3.0,0.4,True
SNE_493458_ccrop.jpg,Neutrophil,small,round,segmented-bilobed,low,densely,no,clear,light blue,small,pink,yes,SNE_493458_ccrop.jpg,train,SNE,B_sepakat_segmented,16.97056274847714,7.8102498054504395,0.46022338334957663,4,normal,4971,1,1,3,0.75,0.2,3.0,0.4,True
SNE_509393_ccrop.jpg,Neutrophil,big,round,segmented-bilobed,low,densely,no,clear,light blue,small,pink,yes,SNE_509393_ccrop.jpg,train,SNE,B_sepakat_segmented,26.076809620810597,14.142135620117188,0.5423261444080589,4,normal,6204,1,1,2,0.75,0.2,3.0,0.4,True
SNE_525189_ccrop.jpg,Neutrophil,big,irregular,segmented-multilobed,low,densely,no,clear,light blue,small,pink,yes,SNE_525189_ccrop.jpg,train,SNE,B_sepakat_segmented,31.144823004794873,13.152946472167969,0.42231565965692014,3,normal,7471,1,1,2,0.75,0.2,3.0,0.4,True
SNE_526872_ccrop.jpg,Neutrophil,big,round,segmented-bilobed,low,densely,no,clear,light blue,small,pink,yes,SNE_526872_ccrop.jpg,train,SNE,B_sepakat_segmented,19.313207915827967,9.486832618713379,0.4912095732650675,4,normal,5354,1,1,3,0.75,0.2,3.0,0.4,True
SNE_533630_ccrop.jpg,Neutrophil,small,round,segmented-bilobed,low,densely,no,clear,light blue,small,pink,yes,SNE_533630_ccrop.jpg,train,SNE,B_sepakat_segmented,25.80697580112788,12.165525436401367,0.47140453535317683,2,normal,5341,1,1,2,0.75,0.2,3.0,0.4,True
SNE_534184_ccrop.jpg,Neutrophil,big,round,segmented-bilobed,low,densely,no,clear,light blue,small,pink,yes,SNE_534184_ccrop.jpg,train,SNE,B_sepakat_segmented,36.6742416417845,,1.0,1,tak_pernah_pecah,7091,1,1,1,0.75,0.2,3.0,0.4,True
SNE_548602_ccrop.jpg,Neutrophil,big,irregular,segmented-multilobed,low,densely,no,clear,light blue,small,pink,yes,SNE_548602_ccrop.jpg,train,SNE,B_sepakat_segmented,21.840329667841555,10.630146026611328,0.48672095102408264,3,normal,5504,1,1,3,0.75,0.2,3.0,0.4,True
SNE_551569_ccrop.jpg,Neutrophil,big,irregular,segmented-multilobed,low,densely,no,clear,light blue,small,pink,yes,SNE_551569_ccrop.jpg,train,SNE,B_sepakat_segmented,30.528675044947494,25.942243576049805,0.8497664421353017,2,normal,6654,1,1,1,0.75,0.2,3.0,0.4,True
SNE_570447_ccrop.jpg,Neutrophil,big,round,segmented-multilobed,low,densely,no,clear,light blue,small,pink,yes,SNE_570447_ccrop.jpg,train,SNE,B_sepakat_segmented,29.068883707497267,21.02379608154297,0.7232405720526737,2,normal,5805,1,1,1,0.75,0.2,3.0,0.4,True
SNE_59745_ccrop.jpg,Neutrophil,small,irregular,segmented-multilobed,low,densely,no,clear,light blue,small,pink,yes,SNE_59745_ccrop.jpg,train,SNE,B_sepakat_segmented,35.4682957019364,,1.0,1,tak_pernah_pecah,7388,1,1,1,0.75,0.2,3.0,0.4,True
SNE_607695_ccrop.jpg,Neutrophil,small,irregular,segmented-multilobed,low,densely,no,clear,light blue,small,pink,yes,SNE_607695_ccrop.jpg,train,SNE,B_sepakat_segmented,25.632011235952593,10.29563045501709,0.4016707998542067,2,normal,5657,1,1,2,0.75,0.2,3.0,0.4,True
SNE_609892_ccrop.jpg,Neutrophil,small,round,segmented-multilobed,low,densely,no,clear,light blue,small,pink,yes,SNE_609892_ccrop.jpg,train,SNE,B_sepakat_segmented,31.575306807693888,17.0880069732666,0.541182610745141,2,normal,7874,1,1,2,0.75,0.2,3.0,0.4,True
SNE_649885_ccrop.jpg,Neutrophil,big,irregular,segmented-multilobed,low,densely,no,clear,light blue,small,pink,yes,SNE_649885_ccrop.jpg,train,SNE,B_sepakat_segmented,19.6468827043885,7.0,0.35629061899150133,4,normal,5576,1,1,4,0.75,0.2,3.0,0.4,True
SNE_65616_ccrop.jpg,Neutrophil,big,round,segmented-bilobed,low,densely,no,clear,light blue,small,pink,yes,SNE_65616_ccrop.jpg,train,SNE,B_sepakat_segmented,31.016124838541646,,1.0,1,tak_pernah_pecah,6214,1,1,1,0.75,0.2,3.0,0.4,True
SNE_671189_ccrop.jpg,Neutrophil,small,round,segmented-bilobed,low,densely,no,clear,light blue,small,pink,yes,SNE_671189_ccrop.jpg,train,SNE,B_sepakat_segmented,26.832815729997478,10.630146026611328,0.39616215210420364,2,normal,5207,1,1,2,0.75,0.2,3.0,0.4,True
SNE_674280_ccrop.jpg,Neutrophil,small,round,segmented-bilobed,low,densely,no,clear,light blue,small,pink,yes,SNE_674280_ccrop.jpg,train,SNE,B_sepakat_segmented,21.93171219946131,12.0,0.5471529031050638,2,normal,5288,1,1,2,0.75,0.2,3.0,0.4,True
SNE_675028_ccrop.jpg,Neutrophil,big,irregular,segmented-bilobed,low,densely,no,clear,light blue,small,pink,yes,SNE_675028_ccrop.jpg,train,SNE,B_sepakat_segmented,27.586228448267445,18.027755737304688,0.653505634926217,3,normal,6806,1,1,2,0.75,0.2,3.0,0.4,True
SNE_688575_ccrop.jpg,Neutrophil,big,round,segmented-bilobed,low,densely,no,clear,light blue,small,pink,yes,SNE_688575_ccrop.jpg,train,SNE,B_sepakat_segmented,25.45584412271571,12.083045959472656,0.4746668741851016,2,normal,5362,1,1,2,0.75,0.2,3.0,0.4,True
SNE_691541_ccrop.jpg,Neutrophil,small,round,segmented-bilobed,low,densely,no,clear,light blue,small,pink,yes,SNE_691541_ccrop.jpg,train,SNE,B_sepakat_segmented,36.235341863986875,,1.0,1,tak_pernah_pecah,5718,1,1,1,0.75,0.2,3.0,0.4,True
SNE_698912_ccrop.jpg,Neutrophil,big,irregular,segmented-multilobed,low,densely,no,clear,light blue,small,pink,yes,SNE_698912_ccrop.jpg,train,SNE,B_sepakat_segmented,30.870698080866262,29.614185333251953,0.9592975596365572,2,normal,6742,1,1,1,0.75,0.2,3.0,0.4,True
SNE_703464_ccrop.jpg,Neutrophil,small,round,segmented-multilobed,low,densely,no,clear,light blue,small,pink,yes,SNE_703464_ccrop.jpg,train,SNE,B_sepakat_segmented,22.0,15.524174690246582,0.7056443041021173,3,normal,5304,1,1,2,0.75,0.2,3.0,0.4,True
SNE_703601_ccrop.jpg,Neutrophil,small,round,segmented-multilobed,low,densely,no,clear,light blue,small,pink,yes,SNE_703601_ccrop.jpg,train,SNE,B_sepakat_segmented,28.0,10.29563045501709,0.3677010876791818,2,normal,5790,1,1,2,0.75,0.2,3.0,0.4,True
SNE_714010_ccrop.jpg,Neutrophil,small,round,segmented-bilobed,low,densely,no,clear,light blue,small,pink,yes,SNE_714010_ccrop.jpg,train,SNE,B_sepakat_segmented,16.97056274847714,5.830951690673828,0.343592123437219,5,normal,4621,1,1,3,0.75,0.2,3.0,0.4,True
SNE_737275_ccrop.jpg,Neutrophil,big,round,segmented-multilobed,low,densely,no,clear,light blue,small,pink,yes,SNE_737275_ccrop.jpg,train,SNE,B_sepakat_segmented,36.0,32.893768310546875,0.9137157864040799,2,normal,8052,1,1,1,0.75,0.2,3.0,0.4,True
SNE_7466_ccrop.jpg,Neutrophil,big,irregular,segmented-bilobed,low,densely,no,clear,light blue,small,pink,yes,SNE_7466_ccrop.jpg,train,SNE,B_sepakat_segmented,26.40075756488817,9.219544410705566,0.3492151461201685,2,normal,5795,1,1,2,0.75,0.2,3.0,0.4,True
SNE_768088_ccrop.jpg,Neutrophil,big,round,segmented-bilobed,low,densely,no,clear,light blue,small,pink,yes,SNE_768088_ccrop.jpg,train,SNE,B_sepakat_segmented,21.93171219946131,12.165525436401367,0.5547002133604589,4,normal,6311,1,1,4,0.75,0.2,3.0,0.4,True
SNE_774800_ccrop.jpg,Neutrophil,small,round,segmented-bilobed,low,densely,no,clear,light blue,small,pink,yes,SNE_774800_ccrop.jpg,train,SNE,B_sepakat_segmented,35.22782990761707,,1.0,1,tak_pernah_pecah,6422,1,1,1,0.75,0.2,3.0,0.4,True
SNE_790833_ccrop.jpg,Neutrophil,big,irregular,segmented-bilobed,low,densely,no,clear,light blue,small,pink,yes,SNE_790833_ccrop.jpg,train,SNE,B_sepakat_segmented,17.204650534085253,9.219544410705566,0.5358751340191494,5,normal,5701,1,1,3,0.75,0.2,3.0,0.4,True
SNE_798289_ccrop.jpg,Neutrophil,big,round,segmented-multilobed,low,densely,no,clear,light blue,small,pink,yes,SNE_798289_ccrop.jpg,train,SNE,B_sepakat_segmented,38.47076812334269,,1.0,1,tak_pernah_pecah,8355,1,1,1,0.75,0.2,3.0,0.4,True
SNE_805400_ccrop.jpg,Neutrophil,big,irregular,segmented-multilobed,low,densely,no,clear,light blue,small,pink,yes,SNE_805400_ccrop.jpg,train,SNE,B_sepakat_segmented,39.01281840626232,21.02379608154297,0.5388945721021847,2,normal,8752,1,1,2,0.75,0.2,3.0,0.4,True
SNE_81065_ccrop.jpg,Neutrophil,small,round,segmented-bilobed,low,densely,no,clear,light blue,small,pink,yes,SNE_81065_ccrop.jpg,train,SNE,B_sepakat_segmented,31.32091952673165,,1.0,1,tak_pernah_pecah,5014,1,1,1,0.75,0.2,3.0,0.4,True
SNE_811554_ccrop.jpg,Neutrophil,big,round,segmented-multilobed,low,densely,no,clear,light blue,small,pink,yes,SNE_811554_ccrop.jpg,train,SNE,B_sepakat_segmented,20.518284528683193,8.9442720413208,0.4359171464269981,4,normal,5576,1,1,3,0.75,0.2,3.0,0.4,True
SNE_815209_ccrop.jpg,Neutrophil,big,round,segmented-multilobed,low,densely,no,clear,light blue,small,pink,yes,SNE_815209_ccrop.jpg,train,SNE,B_sepakat_segmented,26.248809496813376,14.317821502685547,0.5454655573778971,3,normal,6622,1,1,2,0.75,0.2,3.0,0.4,True
SNE_815898_ccrop.jpg,Neutrophil,big,round,segmented-bilobed,low,densely,no,clear,light blue,small,pink,yes,SNE_815898_ccrop.jpg,train,SNE,B_sepakat_segmented,23.345235059857504,8.0,0.3426823495024955,3,normal,5618,1,1,3,0.75,0.2,3.0,0.4,True
SNE_816195_ccrop.jpg,Neutrophil,big,round,segmented-bilobed,low,densely,no,clear,light blue,small,pink,yes,SNE_816195_ccrop.jpg,train,SNE,B_sepakat_segmented,19.72308292331602,12.083045959472656,0.612634749164313,4,normal,5347,1,1,3,0.75,0.2,3.0,0.4,True
SNE_818014_ccrop.jpg,Neutrophil,big,round,segmented-bilobed,low,densely,no,clear,light blue,small,pink,yes,SNE_818014_ccrop.jpg,train,SNE,B_sepakat_segmented,21.470910553583888,7.211102485656738,0.3358545259485082,5,normal,7634,1,1,3,0.75,0.2,3.0,0.4,True
SNE_821872_ccrop.jpg,Neutrophil,big,round,segmented-bilobed,low,densely,no,clear,light blue,small,pink,yes,SNE_821872_ccrop.jpg,train,SNE,B_sepakat_segmented,28.319604517012593,15.0,0.5296684136598365,2,normal,4996,1,1,2,0.75,0.2,3.0,0.4,True
SNE_825561_ccrop.jpg,Neutrophil,big,irregular,segmented-multilobed,low,densely,no,clear,light blue,small,pink,yes,SNE_825561_ccrop.jpg,train,SNE,B_sepakat_segmented,29.068883707497267,17.464248657226562,0.6007884180541233,2,normal,5851,1,1,2,0.75,0.2,3.0,0.4,True
SNE_831020_ccrop.jpg,Neutrophil,big,round,segmented-bilobed,low,densely,no,clear,light blue,small,pink,yes,SNE_831020_ccrop.jpg,train,SNE,B_sepakat_segmented,20.518284528683193,7.6157732009887695,0.37117007468837987,3,normal,5865,1,1,2,0.75,0.2,3.0,0.4,True
SNE_831814_ccrop.jpg,Neutrophil,big,round,segmented-bilobed,low,densely,no,clear,light blue,small,pink,yes,SNE_831814_ccrop.jpg,train,SNE,B_sepakat_segmented,22.80350850198276,7.6157732009887695,0.3339737479575382,4,normal,7291,1,1,3,0.75,0.2,3.0,0.4,True
SNE_838616_ccrop.jpg,Neutrophil,big,round,segmented-bilobed,low,densely,no,clear,light blue,small,pink,yes,SNE_838616_ccrop.jpg,train,SNE,B_sepakat_segmented,24.73863375370596,11.313708305358887,0.45732955255316154,3,normal,7395,1,1,3,0.75,0.2,3.0,0.4,True
SNE_840546_ccrop.jpg,Neutrophil,big,round,segmented-multilobed,low,densely,no,clear,light blue,small,pink,yes,SNE_840546_ccrop.jpg,train,SNE,B_sepakat_segmented,21.93171219946131,8.485280990600586,0.3868955106391102,3,normal,5504,1,1,3,0.75,0.2,3.0,0.4,True
SNE_846771_ccrop.jpg,Neutrophil,big,round,segmented-bilobed,low,densely,no,clear,light blue,small,pink,yes,SNE_846771_ccrop.jpg,train,SNE,B_sepakat_segmented,23.430749027719962,9.899495124816895,0.42250015623082326,4,normal,6735,1,1,2,0.75,0.2,3.0,0.4,True
SNE_866490_ccrop.jpg,Neutrophil,big,irregular,segmented-multilobed,low,densely,no,clear,light blue,small,pink,yes,SNE_866490_ccrop.jpg,train,SNE,B_sepakat_segmented,28.284271247461902,14.560219764709473,0.5147815065596233,2,normal,6713,1,1,2,0.75,0.2,3.0,0.4,True
SNE_871314_ccrop.jpg,Neutrophil,big,round,segmented-multilobed,low,densely,no,clear,light blue,small,pink,yes,SNE_871314_ccrop.jpg,train,SNE,B_sepakat_segmented,29.5296461204668,14.866068840026855,0.5034286147345085,2,normal,6575,1,1,2,0.75,0.2,3.0,0.4,True
SNE_881639_ccrop.jpg,Neutrophil,big,round,segmented-bilobed,low,densely,no,clear,light blue,small,pink,yes,SNE_881639_ccrop.jpg,train,SNE,B_sepakat_segmented,30.479501308256342,25.238859176635742,0.828060109034625,2,normal,6051,1,1,1,0.75,0.2,3.0,0.4,True
SNE_882917_ccrop.jpg,Neutrophil,big,round,segmented-multilobed,low,densely,no,clear,light blue,small,pink,yes,SNE_882917_ccrop.jpg,train,SNE,B_sepakat_segmented,17.204650534085253,7.071067810058594,0.41099746815837035,4,normal,5879,1,1,4,0.75,0.2,3.0,0.4,True
SNE_884479_ccrop.jpg,Neutrophil,big,round,segmented-bilobed,low,densely,no,clear,light blue,small,pink,yes,SNE_884479_ccrop.jpg,train,SNE,B_sepakat_segmented,23.345235059857504,9.848857879638672,0.4218787197638432,5,normal,9144,1,1,5,0.75,0.2,3.0,0.4,True
SNE_887894_ccrop.jpg,Neutrophil,big,round,segmented-bilobed,low,densely,no,clear,light blue,small,pink,yes,SNE_887894_ccrop.jpg,train,SNE,B_sepakat_segmented,26.92582403567252,13.34166431427002,0.49549697333661524,2,normal,6227,1,1,2,0.75,0.2,3.0,0.4,True
SNE_89120_ccrop.jpg,Neutrophil,small,round,segmented-multilobed,low,densely,no,clear,light blue,small,pink,yes,SNE_89120_ccrop.jpg,train,SNE,B_sepakat_segmented,18.973665961010276,8.0,0.4216370213557839,5,normal,5203,1,1,4,0.75,0.2,3.0,0.4,True
SNE_901811_ccrop.jpg,Neutrophil,small,round,segmented-bilobed,low,densely,no,clear,light blue,small,pink,yes,SNE_901811_ccrop.jpg,train,SNE,B_sepakat_segmented,25.45584412271571,14.560219764709473,0.5719794517329148,2,normal,5231,1,1,2,0.75,0.2,3.0,0.4,True
SNE_902453_ccrop.jpg,Neutrophil,small,round,segmented-bilobed,low,densely,no,clear,light blue,small,pink,yes,SNE_902453_ccrop.jpg,train,SNE,B_sepakat_segmented,17.4928556845359,6.4031243324279785,0.3660422545009899,5,normal,5839,1,1,3,0.75,0.2,3.0,0.4,True
SNE_909393_ccrop.jpg,Neutrophil,big,round,segmented-bilobed,low,densely,no,clear,light blue,small,pink,yes,SNE_909393_ccrop.jpg,train,SNE,B_sepakat_segmented,19.72308292331602,7.071067810058594,0.3585173695994248,4,normal,5790,1,1,3,0.75,0.2,3.0,0.4,True
SNE_924048_ccrop.jpg,Neutrophil,big,round,segmented-bilobed,low,densely,no,clear,light blue,small,pink,yes,SNE_924048_ccrop.jpg,train,SNE,B_sepakat_segmented,27.202941017470888,13.0,0.477889504360975,2,normal,6280,1,1,2,0.75,0.2,3.0,0.4,True
SNE_942061_ccrop.jpg,Neutrophil,small,round,segmented-bilobed,low,densely,no,clear,light blue,small,pink,yes,SNE_942061_ccrop.jpg,train,SNE,B_sepakat_segmented,19.1049731745428,9.219544410705566,0.48257300999461883,5,normal,5326,1,1,3,0.75,0.2,3.0,0.4,True
SNE_943120_ccrop.jpg,Neutrophil,big,irregular,segmented-multilobed,low,densely,no,clear,light blue,small,pink,yes,SNE_943120_ccrop.jpg,train,SNE,B_sepakat_segmented,33.24154027718932,,1.0,1,tak_pernah_pecah,7248,2,1,1,0.75,0.2,3.0,0.4,True
SNE_943223_ccrop.jpg,Neutrophil,small,round,segmented-multilobed,low,densely,no,clear,light blue,small,pink,yes,SNE_943223_ccrop.jpg,train,SNE,B_sepakat_segmented,24.413111231467404,13.416407585144043,0.5495574676221888,3,normal,5790,1,1,2,0.75,0.2,3.0,0.4,True
SNE_94795_ccrop.jpg,Neutrophil,small,round,segmented-multilobed,low,densely,no,clear,light blue,small,pink,yes,SNE_94795_ccrop.jpg,train,SNE,B_sepakat_segmented,34.0147027033899,,1.0,1,tak_pernah_pecah,6446,1,1,1,0.75,0.2,3.0,0.4,True
SNE_948647_ccrop.jpg,Neutrophil,big,irregular,segmented-bilobed,low,densely,no,clear,light blue,small,pink,yes,SNE_948647_ccrop.jpg,train,SNE,B_sepakat_segmented,21.213203435596427,9.219544410705566,0.4346134914840292,3,normal,4940,1,1,3,0.75,0.2,3.0,0.4,True
SNE_951733_ccrop.jpg,Neutrophil,small,irregular,segmented-multilobed,low,densely,no,clear,light blue,small,pink,yes,SNE_951733_ccrop.jpg,train,SNE,B_sepakat_segmented,28.178005607210743,23.0867919921875,0.8193195896830824,2,normal,6490,1,1,2,0.75,0.2,3.0,0.4,True
SNE_958281_ccrop.jpg,Neutrophil,big,irregular,segmented-multilobed,low,densely,no,clear,light blue,small,pink,yes,SNE_958281_ccrop.jpg,train,SNE,B_sepakat_segmented,23.194827009486403,8.485280990600586,0.36582643997000747,5,normal,7583,1,1,3,0.75,0.2,3.0,0.4,True
SNE_973516_ccrop.jpg,Neutrophil,small,irregular,segmented-bilobed,low,densely,no,clear,light blue,small,pink,yes,SNE_973516_ccrop.jpg,train,SNE,B_sepakat_segmented,21.02379604162864,11.180339813232422,0.5317945337318979,5,normal,5555,1,1,2,0.75,0.2,3.0,0.4,True
SNE_981806_ccrop.jpg,Neutrophil,big,round,segmented-multilobed,low,densely,no,clear,light blue,small,pink,yes,SNE_981806_ccrop.jpg,train,SNE,B_sepakat_segmented,25.495097567963924,10.0,0.3922322702763681,3,normal,5826,1,1,3,0.75,0.2,3.0,0.4,True
SNE_988236_ccrop.jpg,Neutrophil,big,round,segmented-bilobed,low,densely,no,clear,light blue,small,pink,yes,SNE_988236_ccrop.jpg,train,SNE,B_sepakat_segmented,31.04834939252005,25.05992889404297,0.8071259627115711,2,normal,7628,1,1,2,0.75,0.2,3.0,0.4,True
SNE_995695_ccrop.jpg,Neutrophil,small,round,segmented-bilobed,low,densely,no,clear,light blue,small,pink,yes,SNE_995695_ccrop.jpg,train,SNE,B_sepakat_segmented,28.178005607210743,22.022714614868164,0.781556896604228,3,normal,5995,1,1,1,0.75,0.2,3.0,0.4,True
SNE_56069_ccrop.jpg,Neutrophil,big,irregular,segmented-bilobed,low,densely,no,clear,light blue,small,pink,yes,SNE_56069_ccrop.jpg,val,SNE,B_sepakat_segmented,29.410882339705484,11.704699516296387,0.3979717228848564,2,normal,7312,1,1,2,0.75,0.2,3.0,0.4,True
SNE_491948_ccrop.jpg,Neutrophil,big,round,segmented-bilobed,low,densely,no,clear,light blue,small,pink,yes,SNE_491948_ccrop.jpg,val,SNE,B_sepakat_segmented,19.697715603592208,9.433980941772461,0.47893781855861584,4,normal,5550,1,1,3,0.75,0.2,3.0,0.4,True
SNE_614953_ccrop.jpg,Neutrophil,small,round,segmented-bilobed,low,densely,no,clear,light blue,small,pink,yes,SNE_614953_ccrop.jpg,val,SNE,B_sepakat_segmented,31.38470965295043,,1.0,1,tak_pernah_pecah,5639,1,1,1,0.75,0.2,3.0,0.4,True
SNE_918028_ccrop.jpg,Neutrophil,big,irregular,segmented-bilobed,low,densely,no,clear,light blue,small,pink,yes,SNE_918028_ccrop.jpg,val,SNE,B_sepakat_segmented,20.591260281974,11.401754379272461,0.5537181417328683,3,normal,4942,1,1,3,0.75,0.2,3.0,0.4,True
SNE_504600_ccrop.jpg,Neutrophil,big,round,segmented-multilobed,low,densely,no,clear,light blue,small,pink,yes,SNE_504600_ccrop.jpg,val,SNE,B_sepakat_segmented,17.88854381999832,6.7082037925720215,0.3749999921778234,4,normal,5491,1,1,4,0.75,0.2,3.0,0.4,True
SNE_79214_ccrop.jpg,Neutrophil,small,round,segmented-multilobed,low,densely,no,clear,light blue,small,pink,yes,SNE_79214_ccrop.jpg,val,SNE,B_sepakat_segmented,23.769728648009426,13.34166431427002,0.5612880362177506,3,normal,5553,1,1,2,0.75,0.2,3.0,0.4,True
SNE_325145_ccrop.jpg,Neutrophil,big,round,segmented-bilobed,low,densely,no,clear,light blue,small,pink,yes,SNE_325145_ccrop.jpg,val,SNE,B_sepakat_segmented,26.40075756488817,8.9442720413208,0.338788461631733,3,normal,6584,1,1,2,0.75,0.2,3.0,0.4,True
SNE_399708_ccrop.jpg,Neutrophil,big,round,segmented-multilobed,low,densely,no,clear,light blue,small,pink,yes,SNE_399708_ccrop.jpg,val,SNE,B_sepakat_segmented,15.811388300841896,6.324555397033691,0.40000000485073994,5,normal,5074,1,1,3,0.75,0.2,3.0,0.4,True
SNE_633335_ccrop.jpg,Neutrophil,big,round,segmented-bilobed,low,densely,no,clear,light blue,small,pink,yes,SNE_633335_ccrop.jpg,val,SNE,B_sepakat_segmented,17.0,7.0,0.4117647058823529,5,normal,5660,1,1,4,0.75,0.2,3.0,0.4,True
SNE_692597_ccrop.jpg,Neutrophil,big,round,segmented-multilobed,low,densely,no,clear,light blue,small,pink,yes,SNE_692597_ccrop.jpg,val,SNE,B_sepakat_segmented,21.02379604162864,10.29563045501709,0.4897132009191392,3,normal,5913,1,1,3,0.75,0.2,3.0,0.4,True
SNE_502348_ccrop.jpg,Neutrophil,big,round,segmented-bilobed,low,densely,no,clear,light blue,small,pink,yes,SNE_502348_ccrop.jpg,val,SNE,B_sepakat_segmented,20.0,8.062257766723633,0.40311288833618164,3,normal,5687,1,1,3,0.75,0.2,3.0,0.4,True
SNE_374094_ccrop.jpg,Neutrophil,big,round,segmented-multilobed,low,densely,no,clear,light blue,small,pink,yes,SNE_374094_ccrop.jpg,val,SNE,B_sepakat_segmented,21.95449840010015,9.0,0.40993876680684926,3,normal,5661,1,1,3,0.75,0.2,3.0,0.4,True
SNE_605370_ccrop.jpg,Neutrophil,small,irregular,segmented-bilobed,low,densely,no,clear,light blue,small,pink,yes,SNE_605370_ccrop.jpg,val,SNE,B_sepakat_segmented,37.0,30.232433319091797,0.8170927924078863,2,normal,7704,1,1,1,0.75,0.2,3.0,0.4,True
SNE_30327_ccrop.jpg,Neutrophil,big,round,segmented-multilobed,low,densely,no,clear,light blue,small,pink,yes,SNE_30327_ccrop.jpg,val,SNE,B_sepakat_segmented,21.840329667841555,7.8102498054504395,0.35760677261893703,3,normal,4906,1,1,3,0.75,0.2,3.0,0.4,True
SNE_775439_ccrop.jpg,Neutrophil,small,round,segmented-multilobed,low,densely,no,clear,light blue,small,pink,yes,SNE_775439_ccrop.jpg,val,SNE,B_sepakat_segmented,26.832815729997478,20.59126091003418,0.7673909856211768,3,normal,6385,1,1,1,0.75,0.2,3.0,0.4,True
SNE_310178_ccrop.jpg,Neutrophil,big,irregular,segmented-multilobed,low,densely,no,clear,light blue,small,pink,yes,SNE_310178_ccrop.jpg,val,SNE,B_sepakat_segmented,24.20743687382041,13.0,0.5370250501018179,4,normal,5423,1,1,1,0.75,0.2,3.0,0.4,True
SNE_533941_ccrop.jpg,Neutrophil,big,irregular,segmented-multilobed,low,densely,no,clear,light blue,small,pink,yes,SNE_533941_ccrop.jpg,val,SNE,B_sepakat_segmented,26.870057685088806,17.464248657226562,0.6499520344133136,3,normal,6849,1,1,1,0.75,0.2,3.0,0.4,True
SNE_780200_ccrop.jpg,Neutrophil,small,round,segmented-bilobed,low,densely,no,clear,light blue,small,pink,yes,SNE_780200_ccrop.jpg,val,SNE,B_sepakat_segmented,18.35755975068582,7.0,0.3813142974919903,3,normal,4705,1,1,3,0.75,0.2,3.0,0.4,True
SNE_333218_ccrop.jpg,Neutrophil,big,round,segmented-multilobed,low,densely,no,clear,light blue,small,pink,yes,SNE_333218_ccrop.jpg,val,SNE,B_sepakat_segmented,26.419689627245813,9.0,0.3406550238470091,3,normal,5669,1,1,3,0.75,0.2,3.0,0.4,True
SNE_987130_ccrop.jpg,Neutrophil,big,round,segmented-multilobed,low,densely,no,clear,light blue,small,pink,yes,SNE_987130_ccrop.jpg,test,SNE,B_sepakat_segmented,21.93171219946131,8.485280990600586,0.3868955106391102,3,normal,5664,1,1,2,0.75,0.2,3.0,0.4,True
SNE_843242_ccrop.jpg,Neutrophil,big,round,segmented-multilobed,low,densely,no,clear,light blue,small,pink,yes,SNE_843242_ccrop.jpg,test,SNE,B_sepakat_segmented,34.52535300326414,23.430749893188477,0.6786534489878571,2,normal,6793,1,1,1,0.75,0.2,3.0,0.4,True
SNE_621008_ccrop.jpg,Neutrophil,small,round,segmented-multilobed,low,densely,no,clear,light blue,small,pink,yes,SNE_621008_ccrop.jpg,test,SNE,B_sepakat_segmented,28.0178514522438,25.553865432739258,0.9120565678026958,2,normal,6113,1,1,1,0.75,0.2,3.0,0.4,True
SNE_65575_ccrop.jpg,Neutrophil,big,round,segmented-bilobed,low,densely,no,clear,light blue,small,pink,yes,SNE_65575_ccrop.jpg,test,SNE,B_sepakat_segmented,20.248456731316587,11.180339813232422,0.5521576267064704,4,normal,5437,1,1,2,0.75,0.2,3.0,0.4,True
SNE_602361_ccrop.jpg,Neutrophil,big,irregular,segmented-multilobed,low,densely,no,clear,light blue,small,pink,yes,SNE_602361_ccrop.jpg,test,SNE,B_sepakat_segmented,35.34119409414458,,1.0,1,tak_pernah_pecah,7306,1,1,1,0.75,0.2,3.0,0.4,True
SNE_714873_ccrop.jpg,Neutrophil,big,irregular,segmented-bilobed,low,densely,no,clear,light blue,small,pink,yes,SNE_714873_ccrop.jpg,test,SNE,B_sepakat_segmented,26.1725046566048,17.0,0.6495366119157396,3,normal,7028,1,1,3,0.75,0.2,3.0,0.4,True
SNE_602927_ccrop.jpg,Neutrophil,small,round,segmented-multilobed,low,densely,no,clear,light blue,small,pink,yes,SNE_602927_ccrop.jpg,test,SNE,B_sepakat_segmented,32.01562118716424,,1.0,1,tak_pernah_pecah,6278,1,1,1,0.75,0.2,3.0,0.4,True
SNE_389659_ccrop.jpg,Neutrophil,big,round,segmented-bilobed,low,densely,no,clear,light blue,small,pink,yes,SNE_389659_ccrop.jpg,test,SNE,B_sepakat_segmented,19.235384061671343,10.0,0.5198752449100363,4,normal,6081,1,1,3,0.75,0.2,3.0,0.4,True
SNE_899001_ccrop.jpg,Neutrophil,big,irregular,segmented-multilobed,low,densely,no,clear,light blue,small,pink,yes,SNE_899001_ccrop.jpg,test,SNE,B_sepakat_segmented,22.67156809750927,8.9442720413208,0.3945149273685851,3,normal,6797,1,1,3,0.75,0.2,3.0,0.4,True
SNE_537361_ccrop.jpg,Neutrophil,big,irregular,segmented-multilobed,low,densely,no,clear,light blue,small,pink,yes,SNE_537361_ccrop.jpg,test,SNE,B_sepakat_segmented,38.07886552931954,32.140316009521484,0.8440460492388997,2,normal,8262,1,1,1,0.75,0.2,3.0,0.4,True
SNE_689137_ccrop.jpg,Neutrophil,big,round,segmented-bilobed,low,densely,no,clear,light blue,small,pink,yes,SNE_689137_ccrop.jpg,test,SNE,B_sepakat_segmented,29.0,10.770329475402832,0.3713906715656149,2,normal,5910,1,1,2,0.75,0.2,3.0,0.4,True
SNE_164455_ccrop.jpg,Neutrophil,big,round,segmented-bilobed,low,densely,no,clear,light blue,small,pink,yes,SNE_164455_ccrop.jpg,test,SNE,B_sepakat_segmented,33.52610922848042,,1.0,1,tak_pernah_pecah,5587,1,1,1,0.75,0.2,3.0,0.4,True
SNE_64185_ccrop.jpg,Neutrophil,big,round,segmented-multilobed,low,densely,no,clear,light blue,small,pink,yes,SNE_64185_ccrop.jpg,test,SNE,B_sepakat_segmented,21.587033144922902,7.211102485656738,0.33404787203714154,4,normal,5746,1,1,2,0.75,0.2,3.0,0.4,True
SNE_193682_ccrop.jpg,Neutrophil,big,round,segmented-bilobed,low,densely,no,clear,light blue,small,pink,yes,SNE_193682_ccrop.jpg,test,SNE,B_sepakat_segmented,25.96150997149434,16.278820037841797,0.6270367191937561,3,normal,5330,1,1,1,0.75,0.2,3.0,0.4,True
SNE_874225_ccrop.jpg,Neutrophil,big,irregular,segmented-multilobed,low,densely,no,clear,light blue,small,pink,yes,SNE_874225_ccrop.jpg,test,SNE,B_sepakat_segmented,31.144823004794873,27.513633728027344,0.8834095388434703,2,normal,7075,1,1,1,0.75,0.2,3.0,0.4,True
SNE_975451_ccrop.jpg,Neutrophil,big,round,segmented-bilobed,low,densely,no,clear,light blue,small,pink,yes,SNE_975451_ccrop.jpg,test,SNE,B_sepakat_segmented,26.68332812825267,10.198039054870605,0.38218767186214614,2,normal,6889,1,1,2,0.75,0.2,3.0,0.4,True
SNE_621549_ccrop.jpg,Neutrophil,small,round,segmented-bilobed,low,densely,no,clear,light blue,small,pink,yes,SNE_621549_ccrop.jpg,test,SNE,B_sepakat_segmented,29.427877939124322,24.0,0.8155531992367018,2,normal,6605,1,1,1,0.75,0.2,3.0,0.4,True
SNE_624137_ccrop.jpg,Neutrophil,small,round,segmented-multilobed,low,densely,no,clear,light blue,small,pink,yes,SNE_624137_ccrop.jpg,test,SNE,B_sepakat_segmented,34.0,29.0,0.8529411764705882,2,normal,7212,1,1,1,0.75,0.2,3.0,0.4,True
SNE_753316_ccrop.jpg,Neutrophil,big,round,segmented-bilobed,low,densely,no,clear,light blue,small,pink,yes,SNE_753316_ccrop.jpg,test,SNE,B_sepakat_segmented,30.265491900843113,17.0,0.5616958103868263,2,normal,5455,1,1,1,0.75,0.2,3.0,0.4,True
SNE_663742_ccrop.jpg,Neutrophil,small,round,segmented-multilobed,low,densely,no,clear,light blue,small,pink,yes,SNE_663742_ccrop.jpg,test,SNE,B_sepakat_segmented,23.194827009486403,12.727922439575195,0.5487397010708306,3,normal,5357,1,1,3,0.75,0.2,3.0,0.4,True
SNE_847185_ccrop.jpg,Neutrophil,big,round,segmented-bilobed,low,densely,no,clear,light blue,small,pink,yes,SNE_847185_ccrop.jpg,test,SNE,B_sepakat_segmented,27.65863337187866,9.899495124816895,0.357917001600014,3,normal,5862,1,1,3,0.75,0.2,3.0,0.4,True
SNE_235627_ccrop.jpg,Neutrophil,big,irregular,segmented-multilobed,low,densely,no,clear,light blue,small,pink,yes,SNE_235627_ccrop.jpg,test,SNE,B_sepakat_segmented,29.154759474226502,20.248456954956055,0.6945163438187912,2,normal,7199,1,1,1,0.75,0.2,3.0,0.4,True
SNE_114388_ccrop.jpg,Neutrophil,big,round,segmented-multilobed,low,densely,no,clear,light blue,small,pink,yes,SNE_114388_ccrop.jpg,test,SNE,B_sepakat_segmented,29.68164415931166,23.706539154052734,0.7986935975248383,3,normal,6548,1,1,1,0.75,0.2,3.0,0.4,True
SNE_209297_ccrop.jpg,Neutrophil,big,round,segmented-multilobed,low,densely,no,clear,light blue,small,pink,yes,SNE_209297_ccrop.jpg,test,SNE,B_sepakat_segmented,26.832815729997478,23.0867919921875,0.8603939379488174,2,normal,5542,1,1,1,0.75,0.2,3.0,0.4,True
SNE_541286_ccrop.jpg,Neutrophil,big,round,segmented-bilobed,low,densely,no,clear,light blue,small,pink,yes,SNE_541286_ccrop.jpg,test,SNE,B_sepakat_segmented,37.8549864614954,,1.0,1,tak_pernah_pecah,6123,1,1,1,0.75,0.2,3.0,0.4,True
SNE_126017_ccrop.jpg,Neutrophil,big,round,segmented-multilobed,low,densely,no,clear,light blue,small,pink,yes,SNE_126017_ccrop.jpg,test,SNE,B_sepakat_segmented,34.20526275297414,25.63201141357422,0.749358705374819,2,normal,7297,1,1,2,0.75,0.2,3.0,0.4,True
SNE_870699_ccrop.jpg,Neutrophil,big,round,segmented-bilobed,low,densely,no,clear,light blue,small,pink,yes,SNE_870699_ccrop.jpg,test,SNE,B_sepakat_segmented,28.319604517012593,13.0,0.45904595850519164,2,normal,5532,1,1,2,0.75,0.2,3.0,0.4,True
SNE_175362_ccrop.jpg,Neutrophil,big,round,segmented-bilobed,low,densely,no,clear,light blue,small,pink,yes,SNE_175362_ccrop.jpg,test,SNE,B_sepakat_segmented,31.0,17.464248657226562,0.5633628599105343,2,normal,5319,1,1,2,0.75,0.2,3.0,0.4,True
SNE_461516_ccrop.jpg,Neutrophil,big,round,segmented-multilobed,low,densely,no,clear,light blue,small,pink,yes,SNE_461516_ccrop.jpg,test,SNE,B_sepakat_segmented,33.54101966249684,26.019224166870117,0.7757433861190256,2,normal,8082,1,1,1,0.75,0.2,3.0,0.4,True
SNE_682015_ccrop.jpg,Neutrophil,big,irregular,segmented-bilobed,low,densely,no,clear,light blue,small,pink,yes,SNE_682015_ccrop.jpg,test,SNE,B_sepakat_segmented,21.840329667841555,7.8102498054504395,0.35760677261893703,3,normal,5199,1,1,2,0.75,0.2,3.0,0.4,True
SNE_348778_ccrop.jpg,Neutrophil,big,round,segmented-bilobed,low,densely,no,clear,light blue,small,pink,yes,SNE_348778_ccrop.jpg,test,SNE,B_sepakat_segmented,18.867962264113206,7.6157732009887695,0.40363517238286734,4,normal,5009,1,1,3,0.75,0.2,3.0,0.4,True
SNE_885644_ccrop.jpg,Neutrophil,small,irregular,segmented-bilobed,low,densely,no,clear,light blue,small,pink,yes,SNE_885644_ccrop.jpg,test,SNE,B_sepakat_segmented,32.64965543462902,12.041594505310059,0.36881229970159046,2,normal,5872,2,1,1,0.75,0.2,3.0,0.4,True
SNE_53714_ccrop.jpg,Neutrophil,big,round,segmented-bilobed,low,densely,no,clear,light blue,small,pink,yes,SNE_53714_ccrop.jpg,test,SNE,B_sepakat_segmented,25.495097567963924,11.0,0.43145549730400484,2,normal,5510,1,1,2,0.75,0.2,3.0,0.4,True
SNE_598198_ccrop.jpg,Neutrophil,small,irregular,segmented-bilobed,low,densely,no,clear,light blue,small,pink,yes,SNE_598198_ccrop.jpg,test,SNE,B_sepakat_segmented,27.294688127912362,9.433980941772461,0.3456343189400648,2,normal,6785,1,1,2,0.75,0.2,3.0,0.4,True
SNE_576696_ccrop.jpg,Neutrophil,small,irregular,segmented-multilobed,low,densely,no,clear,light blue,small,pink,yes,SNE_576696_ccrop.jpg,test,SNE,B_sepakat_segmented,28.0178514522438,22.360679626464844,0.7980868791662501,2,normal,5898,1,1,1,0.75,0.2,3.0,0.4,True
SNE_374420_ccrop.jpg,Neutrophil,big,irregular,segmented-multilobed,low,densely,no,clear,light blue,small,pink,yes,SNE_374420_ccrop.jpg,test,SNE,B_sepakat_segmented,21.840329667841555,9.0,0.4120816918460671,5,normal,6362,1,1,3,0.75,0.2,3.0,0.4,True
SNE_960147_ccrop.jpg,Neutrophil,big,round,segmented-bilobed,low,densely,no,clear,light blue,small,pink,yes,SNE_960147_ccrop.jpg,test,SNE,B_sepakat_segmented,30.0,19.92485809326172,0.6641619364420573,2,normal,6290,1,1,2,0.75,0.2,3.0,0.4,True
SNE_111720_ccrop.jpg,Neutrophil,big,round,segmented-multilobed,low,densely,no,clear,light blue,small,pink,yes,SNE_111720_ccrop.jpg,test,SNE,B_sepakat_segmented,26.627053911388696,20.0,0.7511157661886797,2,normal,6107,1,1,2,0.75,0.2,3.0,0.4,True
SNE_563198_ccrop.jpg,Neutrophil,big,round,segmented-multilobed,low,densely,no,clear,light blue,small,pink,yes,SNE_563198_ccrop.jpg,test,SNE,B_sepakat_segmented,32.69556544854363,,1.0,1,tak_pernah_pecah,6178,1,1,1,0.75,0.2,3.0,0.4,True
SNE_96280_ccrop.jpg,Neutrophil,big,round,segmented-bilobed,low,densely,no,clear,light blue,small,pink,yes,SNE_96280_ccrop.jpg,test,SNE,B_sepakat_segmented,28.0,25.961509704589844,0.927196775163923,2,normal,5831,1,1,1,0.75,0.2,3.0,0.4,True
SNE_165041_ccrop.jpg,Neutrophil,big,round,segmented-multilobed,low,densely,no,clear,light blue,small,pink,yes,SNE_165041_ccrop.jpg,test,SNE,B_sepakat_segmented,26.68332812825267,16.155494689941406,0.6054527610757726,3,normal,4940,1,1,1,0.75,0.2,3.0,0.4,True
SNE_898586_ccrop.jpg,Neutrophil,big,irregular,segmented-bilobed,low,densely,no,clear,light blue,small,pink,yes,SNE_898586_ccrop.jpg,test,SNE,B_sepakat_segmented,21.02379604162864,12.727922439575195,0.6054055325866455,4,normal,5562,1,1,3,0.75,0.2,3.0,0.4,True
SNE_48537_ccrop.jpg,Neutrophil,big,round,segmented-bilobed,low,densely,no,clear,light blue,small,pink,yes,SNE_48537_ccrop.jpg,test,SNE,B_sepakat_segmented,31.304951684997057,17.8885440826416,0.5714285798184033,2,normal,5447,1,1,1,0.75,0.2,3.0,0.4,True
SNE_214327_ccrop.jpg,Neutrophil,big,round,segmented-multilobed,low,densely,no,clear,light blue,small,pink,yes,SNE_214327_ccrop.jpg,test,SNE,B_sepakat_segmented,26.870057685088806,11.401754379272461,0.42432935994773535,3,normal,6007,1,1,2,0.75,0.2,3.0,0.4,True
SNE_647035_ccrop.jpg,Neutrophil,big,round,segmented-bilobed,low,densely,no,clear,light blue,small,pink,yes,SNE_647035_ccrop.jpg,test,SNE,B_sepakat_segmented,20.8806130178211,10.440306663513184,0.5000000074041233,3,normal,5246,1,1,3,0.75,0.2,3.0,0.4,True
SNE_692892_ccrop.jpg,Neutrophil,big,irregular,segmented-bilobed,low,densely,yes,clear,light blue,small,pink,yes,SNE_692892_ccrop.jpg,test,SNE,B_sepakat_segmented,28.460498941515414,,1.0,1,tak_pernah_pecah,5363,1,1,1,0.75,0.2,3.0,0.4,True
SNE_266723_ccrop.jpg,Neutrophil,big,irregular,segmented-bilobed,low,densely,no,clear,light blue,small,pink,yes,SNE_266723_ccrop.jpg,test,SNE,B_sepakat_segmented,19.72308292331602,15.0,0.7605301898450907,4,normal,5033,1,1,1,0.75,0.2,3.0,0.4,True
SNE_829664_ccrop.jpg,Neutrophil,big,round,segmented-bilobed,low,densely,no,clear,light blue,small,pink,yes,SNE_829664_ccrop.jpg,test,SNE,B_sepakat_segmented,23.345235059857504,9.219544410705566,0.39492189250039794,4,normal,6213,1,1,4,0.75,0.2,3.0,0.4,True
SNE_843468_ccrop.jpg,Neutrophil,big,round,segmented-multilobed,low,densely,no,clear,light blue,small,pink,yes,SNE_843468_ccrop.jpg,test,SNE,B_sepakat_segmented,27.85677655436824,14.866068840026855,0.5336607705135108,3,normal,6336,1,1,1,0.75,0.2,3.0,0.4,True
SNE_653262_ccrop.jpg,Neutrophil,big,round,segmented-multilobed,low,densely,no,clear,light blue,small,pink,yes,SNE_653262_ccrop.jpg,test,SNE,B_sepakat_segmented,21.213203435596427,8.5440034866333,0.4027681869253275,3,normal,5214,1,1,3,0.75,0.2,3.0,0.4,True
SNE_888384_ccrop.jpg,Neutrophil,small,round,segmented-bilobed,low,densely,no,clear,light blue,small,pink,yes,SNE_888384_ccrop.jpg,test,SNE,B_sepakat_segmented,20.615528128088304,10.630146026611328,0.515637822158334,3,normal,5059,1,1,2,0.75,0.2,3.0,0.4,True
SNE_568613_ccrop.jpg,Neutrophil,big,round,segmented-bilobed,low,densely,no,clear,light blue,small,pink,yes,SNE_568613_ccrop.jpg,test,SNE,B_sepakat_segmented,22.80350850198276,11.0,0.4823819106188661,3,normal,5671,1,1,2,0.75,0.2,3.0,0.4,True
SNE_444266_ccrop.jpg,Neutrophil,big,irregular,segmented-bilobed,low,densely,no,clear,light blue,small,pink,yes,SNE_444266_ccrop.jpg,test,SNE,B_sepakat_segmented,29.5296461204668,25.05992889404297,0.8486362752811352,3,normal,7144,1,1,2,0.75,0.2,3.0,0.4,True
SNE_722650_ccrop.jpg,Neutrophil,big,irregular,segmented-multilobed,low,densely,no,clear,light blue,small,pink,yes,SNE_722650_ccrop.jpg,test,SNE,B_sepakat_segmented,28.178005607210743,12.041594505310059,0.42734019835061066,4,normal,6861,1,1,3,0.75,0.2,3.0,0.4,True
SNE_826401_ccrop.jpg,Neutrophil,big,round,segmented-bilobed,low,densely,no,clear,light blue,small,pink,yes,SNE_826401_ccrop.jpg,test,SNE,B_sepakat_segmented,29.154759474226502,12.806248664855957,0.4392507054011879,2,normal,5256,1,1,2,0.75,0.2,3.0,0.4,True
SNE_316972_ccrop.jpg,Neutrophil,small,round,segmented-bilobed,low,densely,no,clear,light blue,small,pink,yes,SNE_316972_ccrop.jpg,test,SNE,B_sepakat_segmented,28.284271247461902,23.0867919921875,0.8162413586759532,2,normal,5970,1,1,2,0.75,0.2,3.0,0.4,True
SNE_149300_ccrop.jpg,Neutrophil,big,irregular,segmented-multilobed,low,densely,no,clear,light blue,small,pink,yes,SNE_149300_ccrop.jpg,test,SNE,B_sepakat_segmented,29.154759474226502,14.764822959899902,0.5064292495004925,3,normal,6641,1,1,3,0.75,0.2,3.0,0.4,True
SNE_341145_ccrop.jpg,Neutrophil,big,irregular,segmented-multilobed,low,densely,no,clear,light blue,small,pink,yes,SNE_341145_ccrop.jpg,test,SNE,B_sepakat_segmented,20.518284528683193,10.0,0.4873701788285793,3,normal,5282,1,1,2,0.75,0.2,3.0,0.4,True
SNE_221335_ccrop.jpg,Neutrophil,big,irregular,segmented-bilobed,low,densely,no,clear,light blue,small,pink,yes,SNE_221335_ccrop.jpg,test,SNE,B_sepakat_segmented,29.410882339705484,20.59126091003418,0.7001238749724765,2,normal,5620,1,1,1,0.75,0.2,3.0,0.4,True
SNE_517466_ccrop.jpg,Neutrophil,big,round,segmented-bilobed,low,densely,no,clear,light blue,small,pink,yes,SNE_517466_ccrop.jpg,test,SNE,B_sepakat_segmented,31.304951684997057,25.0,0.7985957062499248,2,normal,6263,2,1,2,0.75,0.2,3.0,0.4,True
SNE_892623_ccrop.jpg,Neutrophil,small,round,segmented-bilobed,low,densely,no,clear,light blue,small,pink,yes,SNE_892623_ccrop.jpg,test,SNE,B_sepakat_segmented,27.073972741361768,13.601470947265625,0.502381792181028,2,normal,5421,1,1,2,0.75,0.2,3.0,0.4,True
SNE_801267_ccrop.jpg,Neutrophil,big,round,segmented-multilobed,low,densely,no,clear,light blue,small,pink,yes,SNE_801267_ccrop.jpg,test,SNE,B_sepakat_segmented,19.849433241279208,9.05538558959961,0.4562037353675107,4,normal,5509,1,1,3,0.75,0.2,3.0,0.4,True
