tau,rho,n_kalibrasi,skor_mentah,rec_t1,rec_t2,rec_t3,skor_makro3,rec_harus_pecah,rec_harus_utuh,skor_br,limf_tak_pecah,limf_lobus,eo_lobus
0.0,0.0,5736,0.30142956764295675,0.31317764804003334,0.0545308740978348,0.9976303317535545,0.45511295129714086,0.9979029358897543,0.5772128060263654,0.7875578709580598,0.557660626029654,2.044481054365733,7.760988129611806
0.0,0.1,5736,0.3043933054393305,0.31359466221851545,0.06094627105052125,0.9976303317535545,0.4573904216741971,0.9979029358897543,0.5772128060263654,0.7875578709580598,0.5584843492586491,2.0420098846787478,7.625922361244787
0.0,0.2,5736,0.3082287308228731,0.31442869057547956,0.06896551724137931,0.9976303317535545,0.4603415131901378,0.9979029358897543,0.5772128060263654,0.7875578709580598,0.5584843492586491,2.041186161449753,7.427654796278473
0.0,0.3,5736,0.3113668061366806,0.3156797331109258,0.07538091419406576,0.9964454976303317,0.4625020483117745,0.9979029358897543,0.5772128060263654,0.7875578709580598,0.5584843492586491,2.0354200988467874,7.282964388835419
0.0,0.4,5736,0.31642259414225943,0.31693077564637195,0.08700882117080995,0.9928909952606635,0.46561019735928183,0.9979029358897543,0.5772128060263654,0.7875578709580598,0.5593080724876441,2.0313014827018123,7.061276868784088
0.0,0.5,5736,0.3214783821478382,0.31901584653878234,0.10064153969526865,0.981042654028436,0.46690001342082904,0.9967046135410426,0.5772128060263654,0.786958709783704,0.5601317957166392,2.0214168039538714,6.814565287135066
0.0,0.6,5736,0.32601115760111576,0.3269391159299416,0.11627906976744186,0.943127962085308,0.4621153825942305,0.994008388256441,0.5772128060263654,0.7856105971414031,0.5609555189456342,2.00329489291598,6.397176772537697
0.0,0.7,5736,0.3322873082287308,0.341534612176814,0.14274258219727345,0.8661137440758294,0.45013031281663896,0.9823247453565009,0.5790960451977402,0.7807103952771206,0.5617792421746294,1.9934102141680394,5.710298363811357
0.1,0.0,5736,0.32670850767085075,0.353628023352794,0.07417802726543705,0.9964454976303317,0.47475051608285423,0.9976033553025764,0.6374764595103578,0.8175399074064671,0.6210873146622735,1.843492586490939,6.79339108116779
0.1,0.1,5736,0.3301952580195258,0.3540450375312761,0.0817963111467522,0.9964454976303317,0.47742894876945335,0.9976033553025764,0.6374764595103578,0.8175399074064671,0.6219110378912686,1.8410214168039538,6.65832531280077
0.1,0.2,5736,0.3349023709902371,0.3548790658882402,0.09182036888532479,0.9964454976303317,0.4810483108012989,0.9976033553025764,0.6374764595103578,0.8175399074064671,0.6219110378912686,1.8401976935749589,6.465832531280077
0.1,0.3,5736,0.3392608089260809,0.3565471226021685,0.10064153969526865,0.995260663507109,0.48414977526818204,0.9976033553025764,0.6374764595103578,0.8175399074064671,0.6219110378912686,1.8360790774299836,6.35739493102342
0.1,0.4,5736,0.34431659693165967,0.3577981651376147,0.11226944667201283,0.9917061611374408,0.48725792431568943,0.9976033553025764,0.6374764595103578,0.8175399074064671,0.6227347611202636,1.8319604612850082,6.184472248957331
0.1,0.5,5736,0.35024407252440726,0.3611342785654712,0.12870890136327184,0.9739336492890995,0.48792560973928084,0.9964050329538646,0.6384180790960452,0.8174115560249549,0.6243822075782537,1.8228995057660626,5.964068014116138
0.1,0.6,5736,0.3554741980474198,0.3694745621351126,0.14635124298315957,0.933649289099526,0.48315836473926604,0.9937088076692631,0.6384180790960452,0.8160634433826541,0.6252059308072487,1.8072487644151565,5.592877767083734
0.1,0.7,5736,0.36366806136680613,0.3861551292743953,0.18003207698476342,0.8424170616113744,0.4695347559568444,0.981426003594967,0.64030131826742,0.8108636609311934,0.6260296540362438,1.7973640856672157,5.0051331408405515
0.25,0.0,5736,0.4417712691771269,0.5004170141784821,0.20529270248596632,0.9739336492890995,0.559881121984516,0.9958058717795086,0.8258003766478342,0.9108031242136714,0.814662273476112,1.2907742998352554,4.40102662816811
0.25,0.1,5736,0.44700139470013944,0.5012510425354462,0.2165196471531676,0.9739336492890995,0.5639014463259044,0.9958058717795086,0.8258003766478342,0.9108031242136714,0.8154859967051071,1.2899505766062602,4.317292268206609
0.25,0.2,5736,0.4544979079497908,0.5025020850708924,0.23255813953488372,0.9739336492890995,0.5696646246316251,0.9955062911923307,0.8258003766478342,0.9106533339200824,0.8154859967051071,1.2891268533772653,4.203400705806866
0.25,0.3,5736,0.46147140864714087,0.5041701417848207,0.24779470729751404,0.9715639810426541,0.5745096100416629,0.9952067106051528,0.8267419962335216,0.9109743534193372,0.8154859967051071,1.2858319604612851,4.1296118062239335
0.25,0.4,5736,0.4700139470013947,0.5062552126772311,0.2690457097032879,0.9609004739336493,0.5787337987713894,0.9952067106051528,0.8267419962335216,0.9109743534193372,0.8163097199341022,1.2833607907742999,4.017965992941932
0.25,0.5,5736,0.4743723849372385,0.5100083402835697,0.28789093825180434,0.9241706161137441,0.5740232982163728,0.9937088076692631,0.827683615819209,0.9106962117442361,0.8179571663920923,1.2775947281713345,3.8893166506256014
0.25,0.6,5736,0.4827405857740586,0.5204336947456214,0.3191659983961508,0.8590047393364929,0.5662014774927551,0.9889155182744158,0.827683615819209,0.9082995670468124,0.8179571663920923,1.2685337726523889,3.6888033365415462
0.25,0.7,5736,0.49041143654114366,0.5383653044203502,0.36768243785084204,0.716824644549763,0.5409574622736518,0.9733373277411623,0.8286252354048964,0.9009812815730294,0.8187808896210873,1.2660626029654036,3.3747192813602824
0.5,0.0,5736,0.6124476987447699,0.6559633027522935,0.4582999198075381,0.9443127962085308,0.6861920062561208,0.9916117435590174,0.9689265536723164,0.9802691486156669,0.9686985172981878,1.042009884678748,2.9377606673083094
0.5,0.1,5736,0.6220362622036262,0.6572143452877398,0.479149959903769,0.9443127962085308,0.6935590338000132,0.9916117435590174,0.9689265536723164,0.9802691486156669,0.9695222405271828,1.0411861614497528,2.8809752967597047
0.5,0.2,5736,0.6356345885634589,0.658882402001668,0.5088211708099438,0.9443127962085308,0.7040054563400475,0.9916117435590174,0.9698681732580038,0.9807399584085106,0.9695222405271828,1.040362438220758,2.7972409367982034
0.5,0.3,5736,0.6424337517433751,0.6601334445371143,0.5244587008821171,0.9407582938388626,0.7084501464193647,0.9913121629718394,0.9698681732580038,0.9805901681149216,0.9695222405271828,1.0395387149917628,2.7670837343599617
0.5,0.4,5736,0.6539400278940027,0.664303586321935,0.5509222133119487,0.9289099526066351,0.7147119174135064,0.9910125823846615,0.9698681732580038,0.9804403778213326,0.9703459637561779,1.0370675453047775,2.717356432467116
0.5,0.5,5736,0.6623082287308228,0.6688907422852377,0.5813953488372093,0.8827014218009479,0.7109958376411316,0.987417615338526,0.9708097928436912,0.9791137040911086,0.9719934102141681,1.0321252059308073,2.6522297080526145
0.5,0.6,5736,0.6668410041841004,0.6809841534612177,0.6146752205292703,0.7808056872037915,0.6921550203980932,0.981426003594967,0.9717514124293786,0.9765887080121728,0.9728171334431631,1.028006589785832,2.564324671158165
0.5,0.7,5736,0.6677126917712691,0.6997497914929107,0.6672012830793905,0.5781990521327014,0.6483833755683343,0.9613541042540443,0.972693032015066,0.9670235681345551,0.9728171334431631,1.027182866556837,2.405197305101059
0.75,0.0,5736,0.6666666666666666,0.6993327773144287,0.5489174017642342,0.9218009478672986,0.7233503756486538,0.9898142600359496,0.9792843691148776,0.9845493145754136,0.9835255354200988,1.027182866556837,2.7061276868784088
0.75,0.1,5736,0.6698047419804742,0.6993327773144287,0.5561347233360064,0.9218009478672986,0.7257561495059113,0.9898142600359496,0.9792843691148776,0.9845493145754136,0.9835255354200988,1.027182866556837,2.692974013474495
0.75,0.2,5736,0.6797419804741981,0.701000834028357,0.5773857257417803,0.9218009478672986,0.7333958358791453,0.9895146794487717,0.980225988700565,0.9848703340746683,0.9835255354200988,1.0263591433278418,2.650304780237408
0.75,0.3,5736,0.6867154811715481,0.7018348623853211,0.5930232558139535,0.9206161137440758,0.7384914106477835,0.9892150988615938,0.980225988700565,0.9847205437810793,0.9835255354200988,1.0255354200988467,2.6272056464549247
0.75,0.4,5736,0.699442119944212,0.7064220183486238,0.6218925421010425,0.9087677725118484,0.7456941109871716,0.9889155182744158,0.980225988700565,0.9845707534874903,0.984349258649094,1.0230642504118617,2.5851780558229067
0.75,0.5,5736,0.7074616457461645,0.7105921601334445,0.6523656776263032,0.8613744075829384,0.7414440817808954,0.9853205512282804,0.9811676082862524,0.9832440797572664,0.985996705107084,1.0181219110378912,2.5280718639717676
0.75,0.6,5736,0.7078103207810321,0.7214345287739783,0.6808340016038492,0.7488151658767772,0.7170278987515349,0.9787297783103655,0.9821092278719398,0.9804195030911527,0.9868204283360791,1.014003294892916,2.4523580365736284
0.75,0.7,5736,0.7048465829846583,0.7402001668056714,0.7289494787489976,0.533175355450237,0.6674416670016354,0.9589574595566207,0.9830508474576272,0.9710041535071239,0.9868204283360791,1.013179571663921,2.3099133782483157
1.0,0.0,5736,0.7003138075313807,0.7210175145954962,0.611467522052927,0.9040284360189573,0.7455044908891267,0.9868184541641701,0.9830508474576272,0.9849346508108987,0.985172981878089,1.0255354200988467,2.5925569457811997
1.0,0.1,5736,0.7018828451882845,0.7210175145954962,0.6150761828388132,0.9040284360189573,0.7467073778177555,0.9868184541641701,0.9830508474576272,0.9849346508108987,0.985172981878089,1.0255354200988467,2.58614051973051
1.0,0.2,5736,0.7078103207810321,0.7231025854879066,0.6267040898155574,0.9040284360189573,0.751278370440807,0.9868184541641701,0.9839924670433146,0.9854054606037423,0.985172981878089,1.0247116968698518,2.5688161693936475
1.0,0.3,5736,0.7139121338912134,0.7235195996663887,0.6411387329591018,0.9016587677725119,0.7554390334660009,0.9865188735769922,0.9839924670433146,0.9852556703101534,0.985172981878089,1.0238879736408566,2.547962784728906
1.0,0.4,5736,0.726813110181311,0.7276897414512093,0.6688051323175621,0.8957345971563981,0.76407649030839,0.9859197124026363,0.9839924670433146,0.9849560897229754,0.985996705107084,1.0214168039538716,2.510426692332371
1.0,0.5,5736,0.7353556485355649,0.73185988323603,0.7004811547714515,0.8483412322274881,0.7602274234116565,0.9826243259436789,0.9858757062146892,0.984250016079184,0.9876441515650741,1.016474464579901,2.4578119987167146
1.0,0.6,5736,0.7346582984658299,0.7414512093411176,0.7281475541299118,0.7345971563981043,0.7347319732897112,0.9760335530257639,0.9868173258003766,0.9814254394130703,0.9884678747940692,1.0123558484349258,2.3881937760667307
1.0,0.7,5736,0.727510460251046,0.7610508757297748,0.7654370489174017,0.5201421800947867,0.6822100349139877,0.9559616536848412,0.9868173258003766,0.971389489742609,0.9884678747940692,1.0115321252059308,2.256977863330125
1.25,0.0,5736,0.7236750348675035,0.7418682235195997,0.6499599037690457,0.8898104265402843,0.7605461846096432,0.9853205512282804,0.9858757062146892,0.9855981287214848,0.9868204283360791,1.0230642504118617,2.5312800769971124
1.25,0.1,5736,0.7241980474198048,0.7418682235195997,0.6511627906976745,0.8898104265402843,0.7609471469191861,0.9853205512282804,0.9858757062146892,0.9855981287214848,0.9868204283360791,1.0230642504118617,2.530317613089509
1.25,0.2,5736,0.7285564853556485,0.74395329441201,0.6595829991980754,0.8886255924170616,0.764053962009049,0.9853205512282804,0.9868173258003766,0.9860689385143285,0.9868204283360791,1.0222405271828665,2.5194096888033366
1.25,0.3,5736,0.7339609483960948,0.7447873227689742,0.6720128307939054,0.8862559241706162,0.7676853592444987,0.9850209706411025,0.9868173258003766,0.9859191482207396,0.9868204283360791,1.0214168039538716,2.5008020532563364
1.25,0.4,5736,0.7459902370990237,0.7481234361968306,0.698476343223737,0.8803317535545023,0.7756438443250233,0.9844218094667465,0.9868173258003766,0.9856195676335615,0.9868204283360791,1.0197693574958815,2.4655117099775423
1.25,0.5,5736,0.7547071129707112,0.7518765638031694,0.7305533279871692,0.8341232227488151,0.7721843715130513,0.9811264230077891,0.9887005649717514,0.9849134939897702,0.9884678747940692,1.014827018121911,2.4161052293872314
1.25,0.6,5736,0.752092050209205,0.7602168473728107,0.7542101042502005,0.7227488151658767,0.745725255596296,0.9733373277411623,0.9896421845574388,0.9814897561493006,0.9892915980230642,1.0115321252059308,2.3503368623676613
1.25,0.7,5736,0.7418061366806137,0.7773144286905754,0.7870890136327185,0.5071090047393365,0.6905041490208769,0.9529658478130617,0.9896421845574388,0.9713040161852502,0.9892915980230642,1.0107084019769357,2.2264998395893487
1.5,0.0,5736,0.7383193863319386,0.7593828190158466,0.6708099438652767,0.8779620853080569,0.7693849493963935,0.9823247453565009,0.9887005649717514,0.9855126551641262,0.9892915980230642,1.0189456342668863,2.4918190567853706
1.5,0.1,5736,0.7386680613668062,0.7593828190158466,0.6716118684843625,0.8779620853080569,0.7696522576027554,0.9823247453565009,0.9887005649717514,0.9855126551641262,0.9892915980230642,1.0189456342668863,2.4911774141803016
1.5,0.2,5736,0.7419804741980475,0.7610508757297748,0.6780272654370489,0.8767772511848341,0.7719517974505526,0.9823247453565009,0.9896421845574388,0.9859834649569699,0.9892915980230642,1.0181219110378912,2.482836060314405
1.5,0.3,5736,0.7473849372384938,0.7618849040867389,0.6904570970328789,0.8744075829383886,0.7755831946860022,0.982025164769323,0.9896421845574388,0.9858336746633809,0.9892915980230642,1.0181219110378912,2.4655117099775423
1.5,0.4,5736,0.7590655509065551,0.7652210175145955,0.7165196471531676,0.8672985781990521,0.783013080955605,0.981426003594967,0.9896421845574388,0.985534094076203,0.9892915980230642,1.016474464579901,2.43246711581649
1.5,0.5,5736,0.7669107391910739,0.768557130942452,0.7465918203688853,0.8222748815165877,0.7791412776093084,0.9781306171360096,0.9915254237288136,0.9848280204324116,0.9909390444810544,1.0115321252059308,2.3872313121591273
1.5,0.6,5736,0.7641213389121339,0.7781484570475397,0.7678428227746592,0.7132701421800948,0.7530871406674312,0.9703415218693828,0.992467043314501,0.9814042825919419,0.9917627677100495,1.0082372322899507,2.3249919794674367
1.5,0.7,5736,0.7515690376569037,0.7956630525437864,0.7951082598235766,0.4976303317535545,0.6961338813736392,0.9496704613541043,0.992467043314501,0.9710687523343027,0.9925864909390445,1.0074135090609555,2.205646454924607
2.0,0.0,5736,0.7693514644351465,0.7906588824020017,0.7225340817963112,0.8471563981042654,0.7867831207675261,0.9778310365488316,0.9896421845574388,0.9837366105531352,0.9909390444810544,1.0172981878088962,2.418030157202438
2.0,0.1,5736,0.7695258019525802,0.7906588824020017,0.7229350441058541,0.8471563981042654,0.786916774870707,0.9778310365488316,0.9896421845574388,0.9837366105531352,0.9909390444810544,1.0172981878088962,2.4177093358999038
2.0,0.2,5736,0.7717921896792189,0.7919099249374478,0.7273456295108259,0.8459715639810427,0.7884090394764388,0.9778310365488316,0.9905838041431262,0.984207420345979,0.9909390444810544,1.016474464579901,2.4122553737568175
2.0,0.3,5736,0.7770223152022315,0.792743953294412,0.7389735364875701,0.8447867298578199,0.7921680732132673,0.9775314559616537,0.9905838041431262,0.98405763005239,0.9909390444810544,1.016474464579901,2.3978184151427655
2.0,0.4,5736,0.7860878661087866,0.7956630525437864,0.7598235765838012,0.8364928909952607,0.797326506707616,0.9766327142001199,0.9905838041431262,0.9836082591716231,0.9909390444810544,1.014827018121911,2.3708694257298686
2.0,0.5,5736,0.791492329149233,0.798999165971643,0.7846832397754611,0.7902843601895735,0.7913222553122258,0.9736369083283404,0.992467043314501,0.9830519758214207,0.9925864909390445,1.0098846787479407,2.3326916907282644
2.0,0.6,5736,0.7860878661087866,0.8073394495412844,0.7999198075380914,0.6848341232227488,0.764031126767375,0.9661473936488916,0.9934086629001884,0.97977802827454,0.9934102141680395,1.0065897858319606,2.277831247994867
2.0,0.7,5736,0.7690027894002789,0.8223519599666389,0.8175621491579792,0.47393364928909953,0.7046159194712391,0.9439784301977232,0.9934086629001884,0.9686935465489558,0.9942339373970346,1.0057660626029654,2.1703561116458134
2.5,0.0,5736,0.7911436541143654,0.8115095913261051,0.7610264635124299,0.8222748815165877,0.7982703121183743,0.9742360695026963,0.9915254237288136,0.982880746615755,0.9909390444810544,1.016474464579901,2.363490535771575
2.5,0.1,5736,0.7911436541143654,0.8115095913261051,0.7610264635124299,0.8222748815165877,0.7982703121183743,0.9742360695026963,0.9915254237288136,0.982880746615755,0.9909390444810544,1.016474464579901,2.363490535771575
2.5,0.2,5736,0.7925383542538355,0.8119266055045872,0.764234161988773,0.8210900473933649,0.7990836049622416,0.9742360695026963,0.9915254237288136,0.982880746615755,0.9909390444810544,1.0156507413509062,2.3609239653512994
2.5,0.3,5736,0.797071129707113,0.8127606338615513,0.7742582197273457,0.8199052132701422,0.8023080222863465,0.9739364889155183,0.9915254237288136,0.982730956322166,0.9909390444810544,1.0156507413509062,2.348732755854989
2.5,0.4,5736,0.805439330543933,0.8156797331109258,0.7931034482758621,0.8127962085308057,0.8071931299725312,0.9730377471539844,0.9915254237288136,0.982281585441399,0.9909390444810544,1.014003294892916,2.3249919794674367
2.5,0.5,5736,0.8099721059972106,0.8198498748957465,0.8155573376102646,0.7654028436018957,0.8002700187026356,0.969742360695027,0.9934086629001884,0.9815755117976077,0.9925864909390445,1.0090609555189456,2.2903432787937117
2.5,0.6,5736,0.8042189679218968,0.8281901584653878,0.8295910184442662,0.6611374407582938,0.7729728725559827,0.9622528460155781,0.9943502824858758,0.9783015642507269,0.9934102141680395,1.0065897858319606,2.2380494064805903
2.5,0.7,5736,0.7862622036262203,0.841534612176814,0.8436246992782679,0.4597156398104265,0.7149583170885028,0.9406830437387658,0.9943502824858758,0.9675166631123208,0.9942339373970346,1.0057660626029654,2.139236445299968
3.0,0.0,5736,0.8063110181311018,0.8311092577147623,0.7866880513231757,0.7938388625592417,0.8038787238657266,0.9676452965847813,0.992467043314501,0.9800561699496411,0.9909390444810544,1.016474464579901,2.3137632338787295
3.0,0.1,5736,0.8063110181311018,0.8311092577147623,0.7866880513231757,0.7938388625592417,0.8038787238657266,0.9676452965847813,0.992467043314501,0.9800561699496411,0.9909390444810544,1.016474464579901,2.3137632338787295
3.0,0.2,5736,0.8068340306834031,0.8315262718932444,0.7878909382518043,0.792654028436019,0.8040237461936893,0.9673457159976033,0.992467043314501,0.9799063796560521,0.9909390444810544,1.0156507413509062,2.311517484760988
3.0,0.3,5736,0.8104951185495118,0.8323603002502085,0.7959101844426624,0.7914691943127962,0.806579893001889,0.9670461354104254,0.992467043314501,0.9797565893624631,0.9909390444810544,1.0156507413509062,2.3018928456849537
3.0,0.4,5736,0.8172942817294282,0.8340283569641368,0.8127506014434643,0.783175355450237,0.8099847712859459,0.9661473936488916,0.992467043314501,0.9793072184816962,0.9909390444810544,1.014003294892916,2.2800769971126083
3.0,0.5,5736,0.8200836820083682,0.8381984987489575,0.8303929430633521,0.7381516587677726,0.8022477001933607,0.9625524266027562,0.9934086629001884,0.9779805447514722,0.9925864909390445,1.0090609555189456,2.25088225858197
3.0,0.6,5736,0.8125871687587168,0.8452877397831526,0.8412189254210104,0.6350710900473934,0.7738592517505188,0.9550629119233074,0.9943502824858758,0.9747065972045916,0.9934102141680395,1.0065897858319606,2.2027590632017966
3.0,0.7,5736,0.7932357043235704,0.8577981651376146,0.8516439454691259,0.4372037914691943,0.7155486340253115,0.9334931096464949,0.9943502824858758,0.9639216960661854,0.9942339373970346,1.0057660626029654,2.109720885466795
4.0,0.0,5736,0.8289748953974896,0.859466221851543,0.8283881315156375,0.7440758293838863,0.8106433942503557,0.9580587177950869,0.992467043314501,0.9752628805547939,0.9917627677100495,1.014827018121911,2.2393326916907283
4.0,0.1,5736,0.8289748953974896,0.859466221851543,0.8283881315156375,0.7440758293838863,0.8106433942503557,0.9580587177950869,0.992467043314501,0.9752628805547939,0.9917627677100495,1.014827018121911,2.2393326916907283
4.0,0.2,5736,0.829323570432357,0.859883236030025,0.8287890938251804,0.7440758293838863,0.8109160530796972,0.9580587177950869,0.992467043314501,0.9752628805547939,0.9917627677100495,1.014827018121911,2.2390118703881936
4.0,0.3,5736,0.8310669456066946,0.8607172643869891,0.8319967923015237,0.7440758293838863,0.8122632953574663,0.957759137207909,0.992467043314501,0.975113090261205,0.9917627677100495,1.014827018121911,2.2351620147577798
4.0,0.4,5736,0.8343793584379359,0.8619683069224353,0.8412189254210104,0.735781990521327,0.8129897409549242,0.9565608148591971,0.992467043314501,0.974513929086849,0.9917627677100495,1.013179571663921,2.220083413538659
4.0,0.5,5736,0.8349023709902371,0.8657214345287739,0.8536487570168404,0.6919431279620853,0.8037711065025666,0.9535650089874176,0.9934086629001884,0.9734868359438029,0.9934102141680395,1.0082372322899507,2.195380173243503
4.0,0.6,5736,0.8247907949790795,0.8711426188490409,0.859262229350441,0.5912322274881516,0.7738790252292111,0.9454763331336129,0.9943502824858758,0.9699133078097444,0.9942339373970346,1.0057660626029654,2.153352582611485
4.0,0.7,5736,0.8014295676429568,0.8807339449541285,0.8604651162790697,0.40165876777251186,0.7142859430019034,0.9224086279209107,0.9943502824858758,0.9583794552033933,0.9942339373970346,1.0057660626029654,2.0699390439525183
5.0,0.0,5736,0.8415271966527197,0.8832360300250208,0.8524458700882117,0.6907582938388626,0.8088133979840316,0.9478729778310365,0.9934086629001884,0.9706408203656125,0.9925864909390445,1.013179571663921,2.176130895091434
5.0,0.1,5736,0.8415271966527197,0.8832360300250208,0.8524458700882117,0.6907582938388626,0.8088133979840316,0.9478729778310365,0.9934086629001884,0.9706408203656125,0.9925864909390445,1.013179571663921,2.176130895091434
5.0,0.2,5736,0.8415271966527197,0.8832360300250208,0.8524458700882117,0.6907582938388626,0.8088133979840316,0.9478729778310365,0.9934086629001884,0.9706408203656125,0.9925864909390445,1.013179571663921,2.176130895091434
5.0,0.3,5736,0.8425732217573222,0.8840700583819849,0.8540497193263833,0.6907582938388626,0.8096260238490768,0.9478729778310365,0.9934086629001884,0.9706408203656125,0.9925864909390445,1.013179571663921,2.1738851459736925
5.0,0.4,5736,0.8439679218967922,0.8849040867389492,0.859663191659984,0.6812796208530806,0.8086156330840045,0.9466746554823248,0.9934086629001884,0.9700416591912566,0.9925864909390445,1.0123558484349258,2.1632980429900543
5.0,0.5,5736,0.8425732217573222,0.8874061718098415,0.8684843624699278,0.6386255924170616,0.798172042232277,0.9430796884361894,0.9943502824858758,0.9687149854610326,0.9942339373970346,1.0074135090609555,2.1421238370227784
5.0,0.6,5736,0.8322873082287309,0.8928273561301084,0.8708901363271853,0.5462085308056872,0.7699753410876603,0.9355901737567406,0.995291902071563,0.9654410379141518,0.9950576606260296,1.0049423393739703,2.1068334937439848
5.0,0.7,5736,0.8092747559274756,0.9020016680567139,0.8684843624699278,0.3708530805687204,0.713779703698454,0.9128220491312163,0.995291902071563,0.9540569756013897,0.9950576606260296,1.0049423393739703,2.0346487006737246
6.0,0.0,5736,0.8500697350069735,0.908673894912427,0.8652766639935846,0.6386255924170616,0.8041920504410244,0.9358897543439185,0.9934086629001884,0.9646492086220535,0.9925864909390445,1.013179571663921,2.126724414501123
6.0,0.1,5736,0.8500697350069735,0.908673894912427,0.8652766639935846,0.6386255924170616,0.8041920504410244,0.9358897543439185,0.9934086629001884,0.9646492086220535,0.9925864909390445,1.013179571663921,2.126724414501123
6.0,0.2,5736,0.8500697350069735,0.908673894912427,0.8652766639935846,0.6386255924170616,0.8041920504410244,0.9358897543439185,0.9934086629001884,0.9646492086220535,0.9925864909390445,1.013179571663921,2.126724414501123
6.0,0.3,5736,0.8505927475592747,0.9095079232693911,0.8656776263031275,0.6386255924170616,0.8046037139965266,0.9358897543439185,0.9934086629001884,0.9646492086220535,0.9925864909390445,1.013179571663921,2.125441129290985
6.0,0.4,5736,0.8514644351464435,0.9103419516263553,0.8684843624699278,0.6338862559241706,0.8042375233401513,0.9346914319952067,0.9934086629001884,0.9640500474476975,0.9925864909390445,1.0123558484349258,2.1190247032402953
6.0,0.5,5736,0.8493723849372385,0.9132610508757297,0.8748997594226142,0.5924170616113744,0.7935259573032395,0.9319952067106052,0.9943502824858758,0.9631727445982405,0.9942339373970346,1.0074135090609555,2.1004170676932947
6.0,0.6,5736,0.8387377963737797,0.9182652210175146,0.8757016840417001,0.5035545023696683,0.7658404691429611,0.9248052726183343,0.995291902071563,0.9600485873449487,0.9950576606260296,1.0049423393739703,2.0686557587423806
6.0,0.7,5736,0.8141562064156206,0.9249374478732277,0.8684843624699278,0.33886255924170616,0.7107614565282873,0.902336728579988,0.995291902071563,0.9488143153257755,0.9950576606260296,1.0049423393739703,2.0060956047481553
8.0,0.0,5736,0.8561715481171548,0.9386989157631359,0.8789093825180433,0.5545023696682464,0.7907035559831419,0.9119233073696824,0.9943502824858758,0.9531367949277791,0.9925864909390445,1.0123558484349258,2.0484440166827076
8.0,0.1,5736,0.8561715481171548,0.9386989157631359,0.8789093825180433,0.5545023696682464,0.7907035559831419,0.9119233073696824,0.9943502824858758,0.9531367949277791,0.9925864909390445,1.0123558484349258,2.0484440166827076
8.0,0.2,5736,0.8561715481171548,0.9386989157631359,0.8789093825180433,0.5545023696682464,0.7907035559831419,0.9119233073696824,0.9943502824858758,0.9531367949277791,0.9925864909390445,1.0123558484349258,2.0484440166827076
8.0,0.3,5736,0.8561715481171548,0.9386989157631359,0.8789093825180433,0.5545023696682464,0.7907035559831419,0.9119233073696824,0.9943502824858758,0.9531367949277791,0.9925864909390445,1.0123558484349258,2.0478023740776385
8.0,0.4,5736,0.8561715481171548,0.9395329441201001,0.8785084202085004,0.5533175355450237,0.7904529666245415,0.9113241461953265,0.9943502824858758,0.9528372143406012,0.9925864909390445,1.0115321252059308,2.046198267564966
8.0,0.5,5736,0.8528591352859135,0.9416180150125104,0.8809141940657578,0.5177725118483413,0.7801015736422032,0.9089275014979029,0.995291902071563,0.952109701784733,0.9942339373970346,1.0074135090609555,2.032402951555983
8.0,0.6,5736,0.8439679218967922,0.9457881567973311,0.8809141940657578,0.44549763033175355,0.7573999937316142,0.902336728579988,0.9962335216572504,0.9492851251186192,0.9950576606260296,1.0049423393739703,2.0076997112608277
8.0,0.7,5736,0.8190376569037657,0.9487072560467056,0.8688853247794708,0.3033175355450237,0.7069700387904,0.8822648292390654,0.9962335216572504,0.9392491754481579,0.9950576606260296,1.0049423393739703,1.9563683028553096
10.0,0.0,5736,0.842747559274756,0.9591326105087573,0.8692862870890137,0.43364928909952605,0.7540227288990989,0.883762732174955,0.9943502824858758,0.9390565073304153,0.9925864909390445,1.0123558484349258,1.973692653192172
10.0,0.1,5736,0.842747559274756,0.9591326105087573,0.8692862870890137,0.43364928909952605,0.7540227288990989,0.883762732174955,0.9943502824858758,0.9390565073304153,0.9925864909390445,1.0123558484349258,1.973692653192172
10.0,0.2,5736,0.842747559274756,0.9591326105087573,0.8692862870890137,0.43364928909952605,0.7540227288990989,0.883762732174955,0.9943502824858758,0.9390565073304153,0.9925864909390445,1.0123558484349258,1.973692653192172
10.0,0.3,5736,0.842747559274756,0.9591326105087573,0.8692862870890137,0.43364928909952605,0.7540227288990989,0.883762732174955,0.9943502824858758,0.9390565073304153,0.9925864909390445,1.0123558484349258,1.973692653192172
10.0,0.4,5736,0.842747559274756,0.9595496246872394,0.8688853247794708,0.43364928909952605,0.7540280795220787,0.8831635710005992,0.9943502824858758,0.9387569267432374,0.9925864909390445,1.0115321252059308,1.9727301892845686
10.0,0.5,5736,0.8404811715481172,0.9608006672226855,0.8688853247794708,0.4146919431279621,0.7481259783767061,0.8813660874775314,0.995291902071563,0.9383289947745472,0.9942339373970346,1.0074135090609555,1.9663137632338787
10.0,0.6,5736,0.8343793584379359,0.96371976647206,0.8668805132317562,0.3708530805687204,0.7338177867575122,0.8756740563211504,0.9962335216572504,0.9359537889892005,0.9950576606260296,1.0049423393739703,1.9509143407122234
10.0,0.7,5736,0.8120641562064156,0.9658048373644704,0.8544506816359262,0.25,0.6900851730001323,0.8568004793289394,0.9962335216572504,0.9265170004930949,0.9950576606260296,1.0049423393739703,1.9076034648700673
